exact_config,device,platform,rx_lo_mhz,physical_spacing_mm,d_lambda,n_datasets,r0_minus_r1_phase_mean_deg,r0_minus_r1_phase_mad_deg,r0_g_median_or_circular_mean,r0_g_mad,r0_theta_deg_median_or_circular_mean,r0_theta_deg_mad,r0_phase_deg_median_or_circular_mean,r0_phase_deg_mad,r0_sigma_deg_median_or_circular_mean,r0_sigma_deg_mad,r1_g_median_or_circular_mean,r1_g_mad,r1_theta_deg_median_or_circular_mean,r1_theta_deg_mad,r1_phase_deg_median_or_circular_mean,r1_phase_deg_mad,r1_sigma_deg_median_or_circular_mean,r1_sigma_deg_mad
BLADERF2|wall|2464|0.20548,BLADERF2,wall,2464,25.0,0.20548,5,-6.958795955189826,3.9830919630897332,1.860000000000001,0.08000000000000007,0.5729577951308404,2.291831180523293,50.306150200682495,3.4271604926783086,29.06429682475844,0.4793395350801298,1.900000000000001,0.06000000000000005,1.718873385392487,0.0,57.25403072144602,4.148845471733341,22.051240426915413,1.3620006701637701
BLADERF2|wall|2464|0.53424,BLADERF2,wall,2464,65.0,0.53424,8,-21.809898646875553,3.5714137094458724,0.9900000000000002,0.010000000000000009,3.437746770784959,0.5729577951308261,39.44887186174249,2.604089875790109,23.565101519825596,1.4511858686949684,1.0000000000000002,0.04000000000000015,-0.5729577951308003,1.1459155902616436,61.12090590619764,5.949834319366204,20.16889298501207,1.5079806379059546
BLADERF2|wall|2464|0.55478,BLADERF2,wall,2464,68.0,0.55478,11,-15.6827499579684,4.085091330328698,0.9600000000000002,0.020000000000000018,5.156620156177432,1.1459155902616467,38.92505876145349,3.8474026514855817,25.162161747829384,2.9972145092135403,0.9800000000000002,0.020000000000000018,0.5729577951308404,1.1459155902616465,54.62823256008556,4.3863640576304865,22.884758228722443,1.2790715429503652
PLUTO|rover|2467|0.41762,PLUTO,rover,2467,51.0,0.41762,14,-5.044437044713263,9.232110462290654,0.96,0.020000000000000018,-10.31324031235478,3.4377467707849427,-10.603913072600646,5.507301066165515,28.247741771734415,1.6476909051995545,1.02,0.020000000000000018,-8.021409131831485,1.71887338539247,-4.9689010909120706,11.08292022558292,24.62640972701356,3.201925647770856
PLUTO|rover|2467|0.41764,PLUTO,rover,2467,51.0,0.41764,11,3.1080872321646855,7.536386128483034,1.1,0.0,-12.605071492878077,5.729577951308239,-8.494824731736394,5.6102249631493875,27.00947690743661,2.22348876555766,1.1,0.0,-17.188733853924667,2.2918311805232983,-11.961726081648104,6.937528147532749,27.928067933894546,2.6568261735415883
PLUTO|rover|5766|0.67317,PLUTO,rover,5766,35.0,0.67317,21,5.944229065266678,19.15631434242074,0.9,0.0,2.2918311805233387,3.437746770784939,-10.818024468193682,12.81305377693267,57.73819085624028,13.504646507485436,0.98,0.020000000000000018,5.729577951308278,3.437746770784945,-17.188997370127606,8.791840119306968,58.78914999546667,5.43860992684943
PLUTO|rover|5766|0.82703,PLUTO,rover,5766,43.0,0.82703,23,-33.4785298266753,19.18655108749401,0.92,0.020000000000000018,-3.4377467707848934,13.750987083139764,-21.748573801461855,7.146486544715445,54.80137276599796,18.547428637701106,0.94,0.020000000000000018,-4.583662361046545,9.167324722093179,11.005792859087315,15.667201880342848,58.08670007954863,25.43362175596981
PLUTO|rover|5866|0.68484,PLUTO,rover,5866,35.0,0.68484,17,-6.457325039237196,29.296225991594426,1.04,0.020000000000000018,-1.1459155902616005,2.291831180523293,-15.127245869156479,15.109366378897152,32.720624295084775,4.847533373394283,1.0,0.020000000000000018,3.4377467707849854,4.583662361046586,-8.837254075203946,15.718068607344838,40.406511254782174,5.307195729293151
PLUTO|rover|5866|0.84138,PLUTO,rover,5866,43.0,0.84138,27,-20.512830910139073,7.87020059889254,0.96,0.020000000000000018,4.583662361046632,5.729577951308238,-24.811542133296243,8.878929438398188,21.06163510734024,4.46347888896513,0.96,0.020000000000000018,5.729577951308278,3.437746770784939,-6.4215845210385485,11.299409582451228,22.9884888871277,5.794930124816363
PLUTO|rover|5866|0.91964,PLUTO,rover,5866,47.0,0.91964,6,-19.798179275257493,49.2213467405849,0.9,0.0,4.010704565915808,10.313240312354823,-38.29029636219246,56.07864689016811,34.38527979740913,3.566908866938968,1.05,0.020000000000000018,2.2918311805233387,4.010704565915763,-33.9321816944197,21.059559860658478,49.327922899165095,0.9278257003963485
PLUTO|rover|5866|0.99302,PLUTO,rover,5866,51.0,0.99302,8,-23.95536635714113,19.322220110051614,0.91,0.010000000000000009,-5.156620156177366,4.010704565915765,-47.993522517824445,14.46714359278396,44.296390901126436,8.738411571921334,1.06,0.040000000000000036,-14.89690267340137,4.583662361046592,-23.795041311428484,32.35584321636381,56.04347354713019,13.768322285605963
PLUTO|wall|868|0.21715,PLUTO,wall,868,75.0,0.21715,93,-34.46117459161242,9.355760527107659,1.4400000000000006,0.1200000000000001,1.718873385392487,4.583662361046586,-22.789014954627397,8.228596974459938,64.51639204996972,4.32356501534059,1.7200000000000009,0.10000000000000009,13.178029288008963,1.1459155902616476,11.731903750889675,2.383950022806358,56.852293351179846,2.499912189399963
PLUTO|wall|915|0.12208,PLUTO,wall,915,40.0,0.12208,94,-35.470025013737605,13.937615984447532,0.8600000000000001,0.16000000000000014,7.448451336700725,12.605071492878123,-10.848931696557239,5.670551328434935,53.361159712403875,3.850873324617414,1.5500000000000007,0.4500000000000004,20.053522829578846,0.0,24.324709641830232,10.112183785383413,68.27791351163552,4.451091454770878
PLUTO|wall|915|0.13124,PLUTO,wall,915,43.0,0.13124,65,-49.826637220886425,5.728058722096245,1.0800000000000003,0.16000000000000014,2.8647889756541334,10.313240312354818,-10.724478218714852,3.583077620642281,56.03218774915058,3.0635689061644356,2.280000000000001,0.20000000000000018,13.178029288008963,2.2918311805232965,39.1032501974244,4.67585474067491,71.00204050011138,4.396804623173613
PLUTO|wall|915|0.21367,PLUTO,wall,915,70.0,0.21367,159,107.9613217991171,8.832095555068316,1.1200000000000003,0.08000000000000007,9.740282517224017,5.729577951308242,127.86505244271167,6.6008630503081305,54.6334625980837,5.076327505274101,1.6600000000000008,0.15999999999999992,9.740282517224017,3.4377467707849454,19.960928870353325,8.202942629283967,62.27661904534032,5.92333627977356
PLUTO|wall|915|0.22891,PLUTO,wall,915,75.0,0.22891,51,-39.27476118201564,7.5715899252839,0.9600000000000002,0.16000000000000014,4.010704565915785,4.583662361046587,-11.451616540992674,3.4522757162185265,68.14851930936295,3.126218582480592,1.5800000000000007,0.08000000000000007,16.61577605879391,2.291831180523295,27.826951098144214,5.856458057948415,70.39419756361588,2.6586394729439773
PLUTO|wall|2412|0.20114,PLUTO,wall,2412,25.0,0.20114,159,18.148905899333005,6.9812333432455,2.140000000000001,0.06000000000000005,5.156620156177432,2.2918311805232987,-1.6295568211393636,5.816730013508442,36.619140937885206,4.433718517567228,2.220000000000001,0.08000000000000007,0.5729577951308404,1.1459155902616465,-19.788613526215066,4.420681213287896,37.67451526971541,3.123066863622929
PLUTO|wall|2412|0.28159,PLUTO,wall,2412,35.0,0.28159,150,11.439218758673023,6.015081445585097,1.780000000000001,0.040000000000000036,9.740282517224017,1.1459155902616458,-5.809269538853615,4.539768104476154,32.35438213587373,2.114570468513468,1.760000000000001,0.040000000000000036,-0.5729577951308003,1.1459155902616465,-17.24846155147317,5.091609341456885,37.111724488129646,2.708381638168521
PLUTO|wall|2412|0.32182,PLUTO,wall,2412,40.0,0.32182,214,14.426027630042912,6.227104170311547,1.6200000000000008,0.040000000000000036,8.594366926962373,1.1459155902616458,-5.328983896073236,4.231195575838823,33.5612500802997,2.9089492288513497,1.6000000000000008,0.040000000000000036,-0.5729577951308003,1.1459155902616465,-19.763896848204304,4.520733170296614,34.59065355627538,3.1180367777664566
PLUTO|wall|2412|0.40831,PLUTO,wall,2412,51.0,0.40831,131,14.822937782086493,3.8169660666747105,1.3800000000000006,0.040000000000000036,9.740282517224017,1.1459155902616458,-0.7728528444776631,4.08121846662659,34.14340638998175,2.692003859387826,1.3600000000000003,0.02000000000000024,-0.5729577951308003,1.1459155902616465,-15.602220363181326,3.8347255805853444,36.058905985432325,2.6270892737388585
PLUTO|wall|2412|0.48273,PLUTO,wall,2412,60.0,0.48273,171,14.011860232408408,5.000895393908615,1.1400000000000003,0.040000000000000036,9.740282517224017,1.1459155902616458,-2.4889592831489904,3.7066114708764206,35.205824379086195,2.4131876755712223,1.1400000000000003,0.020000000000000018,-0.5729577951308003,1.1459155902616465,-16.507000880821558,4.728248303354414,36.848145410277475,2.364883133715488
PLUTO|wall|2412|0.56318,PLUTO,wall,2412,70.0,0.56318,31,86.26610339486975,5.941154349721142,1.0200000000000002,0.020000000000000018,4.010704565915785,1.1459155902616518,74.53368974449367,2.9891315849567435,27.02023558317205,2.787078887736531,1.0600000000000005,0.020000000000000018,-0.5729577951308003,1.1459155902616465,-11.722996605654348,3.215902933076027,36.3018070547589,1.3866948765433609
PLUTO|wall|2412|0.56319,PLUTO,wall,2412,70.0,0.56319,203,75.76790974002664,16.96803773462143,1.0200000000000002,0.02000000000000024,4.010704565915785,1.1459155902616518,59.37404407068887,15.227085214131296,28.52434442098131,2.365309026429334,1.0600000000000005,0.039999999999999813,0.5729577951308404,1.1459155902616465,-16.51761411343161,4.905355934719989,35.963754460383974,1.6629938408561682
PLUTO|wall|2412|0.60342,PLUTO,wall,2412,75.0,0.60342,62,19.00067282045157,4.821731684321586,0.9800000000000002,0.020000000000000018,8.021409131831549,0.5729577951308238,1.5447400176197628,2.9994696189030705,31.08327507029751,2.4946312113840134,1.0000000000000002,0.020000000000000018,1.718873385392487,1.1459155902616465,-17.479937618832597,3.8899507815064243,33.978191757946966,1.291502308358787
PLUTO|wall|2467|0.57606,PLUTO,wall,2467,70.0,0.57606,101,106.35996905922939,3.3317264912786304,0.9000000000000001,0.020000000000000018,5.156620156177432,1.1459155902616467,92.721530496733,2.1266290730794255,20.52166167597783,1.9319073907800086,1.0400000000000005,0.02000000000000024,0.5729577951308404,1.1459155902616407,-13.637060934665923,3.018917139469392,26.60399051764587,2.560032927943306
PLUTO|wall|5766|0.48083,PLUTO,wall,5766,25.0,0.48083,63,-10.667696630468935,20.878171527695997,1.1600000000000004,0.040000000000000036,1.718873385392487,1.1459155902616465,-14.47731786343554,21.759137457232413,26.41203857965203,2.701134275879713,1.3200000000000005,0.020000000000000018,1.718873385392487,1.1459155902616465,-3.6292765597719026,2.675794006471916,24.028232608116568,1.762213412346007
PLUTO|wall|5770|1.25103,PLUTO,wall,5770,65.0,1.25103,53,27.311842538200633,7.607951884215524,1.0000000000000002,0.0,2.8647889756541334,0.0,25.123131916355018,5.555038401161615,23.847747375249014,1.0889884130508873,1.0200000000000002,0.0,1.718873385392487,0.0,-2.0773440260855236,3.7231471689972704,21.874497356566973,1.257701356333486
PLUTO|wall|5770|1.34727,PLUTO,wall,5770,70.0,1.34727,30,18.651446847593768,8.850736505502063,1.0000000000000002,0.0,2.2918311805233103,0.5729577951308233,17.437372722927453,7.549801679266015,21.20103122665993,1.3321490487299925,1.0000000000000002,0.0,1.718873385392487,0.0,-1.2176711420504713,2.6713404519665835,20.616278498143952,1.5318993440836244
PLUTO|wall|5804|0.48400,PLUTO,wall,5804,25.0,0.484,59,19.035598374997612,18.96984008221049,1.1800000000000004,0.020000000000000018,1.718873385392487,1.1459155902616465,12.089614563940959,18.62955054897408,23.001132692562464,2.1104760476645414,1.3600000000000003,0.02000000000000024,1.718873385392487,1.1459155902616465,-7.002283008785484,2.3386666246510157,25.12684970591157,1.29253562995942
PLUTO|wall|5804|0.83248,PLUTO,wall,5804,43.0,0.83248,11,32.76689985222666,2.3596302051183664,0.9600000000000002,0.0,4.010704565915785,1.1459155902616467,27.552318630739194,2.046210024471774,18.28397374870231,0.55044206321533,0.9600000000000002,0.0,0.5729577951308404,0.0,-5.2119061581145765,1.4309151281522754,21.28588846900956,1.1374655833981349
PLUTO|wall|5804|1.54880,PLUTO,wall,5804,80.0,1.5488,50,59.211455554403,7.5180531172156035,0.9600000000000002,0.0,1.718873385392487,0.0,51.56009187163733,5.9041277892467035,22.803107927655606,0.9612419157432907,0.9800000000000002,0.0,1.718873385392487,0.0,-7.609390957064565,3.171588803426891,26.942530738593625,1.2674870382598864
PLUTO|wall|5838|0.48684,PLUTO,wall,5838,25.0,0.48684,33,29.419329569705525,24.55844071159325,1.2800000000000005,0.040000000000000036,1.718873385392487,1.1459155902616465,24.123854254009533,24.29914069701105,26.490083568242135,3.6897244915954364,1.4000000000000006,0.040000000000000036,1.718873385392487,1.1459155902616465,-5.25023994842263,3.0891811177683364,28.22450648517045,1.6744381258263137
PLUTO|wall|5838|1.26578,PLUTO,wall,5838,65.0,1.26578,16,40.125469347390315,3.9885350696058435,1.0200000000000002,0.0,1.718873385392487,0.0,40.51456970151667,3.9596040958289622,26.030828314208676,1.0485738180002333,1.0300000000000002,0.01000000000000012,1.718873385392487,0.5729577951308232,0.3907476065206392,3.340380639779487,24.663290418886536,2.3574629332988812
PLUTO|wall|5839|1.26599,PLUTO,wall,5839,65.0,1.26599,37,56.84688790899862,3.828931630557167,1.0200000000000002,0.020000000000000018,1.718873385392487,1.1459155902616465,53.27384449207621,3.665337021911106,25.15556651409671,1.356811380772568,1.0200000000000002,0.0,1.718873385392487,0.0,-3.5631230595542887,2.2305558756050448,22.34995711150881,1.7048519176470702
