key,device,d_lambda,old_to_new_mean_row_tv,old_to_new_corr,old_cal_theory_tv,new_cal_theory_tv,new_minus_old_cal_theory_tv
SDRDEVICE.BLADERF2_0.65752,BLADERF2,0.65752,0.1487762511,0.8986627092,0.1659881838,0.1837615002,0.01777331634
SDRDEVICE.PLUTO_0.82703,PLUTO,0.82703,0.1069213453,0.9374492583,0.2403435631,0.2078953248,-0.03244823837
SDRDEVICE.PLUTO_0.67317,PLUTO,0.67317,0.0661537837,0.9893741301,0.1781539979,0.1526500044,-0.02550399352
SDRDEVICE.PLUTO_0.91964,PLUTO,0.91964,0.01187704961,0.9993053656,0.3753563351,0.3755898291,0.0002334940693
SDRDEVICE.PLUTO_0.99302,PLUTO,0.99302,0.01127455744,0.9991036159,0.2728666864,0.272566569,-0.0003001173386
SDRDEVICE.PLUTO_0.41762,PLUTO,0.41762,0.009782263822,0.999448706,0.1064070751,0.1066930438,0.0002859687073
SDRDEVICE.PLUTO_0.68484,PLUTO,0.68484,0.008309859804,0.9997256452,0.1267421365,0.126742259,1.225492202e-07
SDRDEVICE.PLUTO_0.84138,PLUTO,0.84138,0.006032247472,0.999839458,0.1816589739,0.1817983265,0.0001393526568
SDRDEVICE.PLUTO_0.41764,PLUTO,0.41764,0.005246215033,0.9998492785,0.1123041572,0.1122136802,-9.047693655e-05
SDRDEVICE.BLADERF2_0.49314,BLADERF2,0.49314,0.001796223208,0.9999746519,0.2013327108,0.2012632335,-6.947733992e-05
SDRDEVICE.BLADERF2_0.59588,BLADERF2,0.59588,0.00150501243,0.9999896736,0.2229106282,0.2229636261,5.299790241e-05
SDRDEVICE.BLADERF2_0.47259,BLADERF2,0.47259,0.001449336482,0.999994156,0.2483842614,0.248410407,2.614556709e-05
SDRDEVICE.BLADERF2_0.51369,BLADERF2,0.51369,0.001438348738,0.999989934,0.1888471469,0.1888299989,-1.714798176e-05
SDRDEVICE.BLADERF2_0.48684,BLADERF2,0.48684,0.001327004236,0.9999929291,0.1663590255,0.1663523976,-6.627924169e-06
SDRDEVICE.BLADERF2_0.20548,BLADERF2,0.20548,0.001252892305,0.9999937849,0.194903809,0.1949375067,3.369775458e-05
SDRDEVICE.BLADERF2_0.57533,BLADERF2,0.57533,0.001223331603,0.9999924251,0.1674747349,0.1674006446,-7.409023232e-05
SDRDEVICE.PLUTO_1.34727,PLUTO,1.34727,0.001191868531,0.9999939992,0.1298693604,0.129794921,-7.443947395e-05
SDRDEVICE.PLUTO_0.22891,PLUTO,0.22891,0.00115635751,0.9999850122,0.111564869,0.1115663712,1.50219966e-06
SDRDEVICE.PLUTO_0.57606,PLUTO,0.57606,0.001133824507,0.9999927273,0.2642312362,0.2642001634,-3.107273836e-05
SDRDEVICE.PLUTO_0.13124,PLUTO,0.13124,0.001096298285,0.9999839832,0.127702858,0.1277186609,1.580292188e-05
SDRDEVICE.PLUTO_0.12208,PLUTO,0.12208,0.00100725937,0.999986752,0.1320645509,0.1320828786,1.832770753e-05
SDRDEVICE.BLADERF2_0.53424,BLADERF2,0.53424,0.00100141187,0.9999948124,0.1577701418,0.1577647659,-5.375900975e-06
SDRDEVICE.PLUTO_0.83248,PLUTO,0.83248,0.000921833637,0.9999967679,0.1539900784,0.1539462915,-4.378697044e-05
SDRDEVICE.BLADERF2_0.55478,BLADERF2,0.55478,0.0009088608541,0.9999958552,0.1541759704,0.154160568,-1.540235086e-05
SDRDEVICE.BLADERF2_0.48083,BLADERF2,0.48083,0.0008670008962,0.9999965887,0.147207632,0.1473480824,0.0001404503688
SDRDEVICE.PLUTO_1.25103,PLUTO,1.25103,0.0008136450688,0.9999979436,0.1448897026,0.1448854441,-4.258432931e-06
SDRDEVICE.BLADERF2_0.48400,BLADERF2,0.484,0.0007935915258,0.9999970226,0.1205355932,0.1206287859,9.319268082e-05
SDRDEVICE.PLUTO_1.54880,PLUTO,1.5488,0.0006161128225,0.9999981731,0.1476606525,0.1476298115,-3.084104047e-05
SDRDEVICE.PLUTO_0.21715,PLUTO,0.21715,0.0006154563421,0.9999975536,0.1162183476,0.1162397675,2.141998024e-05
SDRDEVICE.PLUTO_0.60342,PLUTO,0.60342,0.0005797415162,0.9999992833,0.1105178135,0.1105217232,3.909668407e-06
SDRDEVICE.PLUTO_0.56318,PLUTO,0.56318,0.000549299829,0.9999983713,0.2180773237,0.2180998378,2.251404235e-05
SDRDEVICE.PLUTO_0.56296,PLUTO,0.56296,0.0005344424038,0.9999804069,0.4368803447,0.4368891604,8.815737385e-06
SDRDEVICE.PLUTO_1.26578,PLUTO,1.26578,0.0004768516478,0.9999986176,0.1515171407,0.1515103874,-6.753209908e-06
SDRDEVICE.PLUTO_0.48083,PLUTO,0.48083,0.0004548585019,0.9999994418,0.1307093191,0.130688714,-2.060509325e-05
SDRDEVICE.PLUTO_0.48684,PLUTO,0.48684,0.0004424329547,0.9999992634,0.1689520743,0.1689482381,-3.836183963e-06
SDRDEVICE.PLUTO_0.48400,PLUTO,0.484,0.0004330079109,0.9999994633,0.1449921858,0.1449725916,-1.959424461e-05
SDRDEVICE.PLUTO_0.40831,PLUTO,0.40831,0.0004199415688,0.999999612,0.1286409534,0.1286499388,8.985432274e-06
SDRDEVICE.PLUTO_0.32182,PLUTO,0.32182,0.0004013901105,0.9999996317,0.1179625624,0.1179666743,4.111958602e-06
SDRDEVICE.PLUTO_0.28159,PLUTO,0.28159,0.0003947500925,0.9999996352,0.1091546526,0.1091457434,-8.909151048e-06
SDRDEVICE.PLUTO_0.48273,PLUTO,0.48273,0.0003788672104,0.9999996925,0.1248133161,0.1248165589,3.242772246e-06
SDRDEVICE.PLUTO_1.26599,PLUTO,1.26599,0.0003717241206,0.9999992315,0.1550560199,0.1550536635,-2.356375785e-06
SDRDEVICE.PLUTO_0.21367,PLUTO,0.21367,0.0003667077778,0.9999979394,0.1876681775,0.1876625286,-5.64890578e-06
SDRDEVICE.PLUTO_0.20114,PLUTO,0.20114,0.0003229434629,0.999999753,0.1196404877,0.1196355475,-4.940158921e-06
SDRDEVICE.PLUTO_0.56319,PLUTO,0.56319,0.0002891552462,0.9999996683,0.1719555427,0.1719561027,5.599332545e-07
