key,device,d_lambda,radio,symmetry,parameters_fitted_to,nominal_mean_row_tv,nominal_mean_row_js_nats,nominal_flattened_corr,cal_mean_row_tv,cal_mean_row_js_nats,cal_flattened_corr,cal_map_bin_agreement,nonempty_phi_rows
SDRDEVICE.PLUTO_0.12208,PLUTO,0.12208,r,nosym,r/nosym,0.2666871023,0.05213209442,0.4891613229,0.2542743976,0.04826278631,0.5574889985,0.06153846154,65
SDRDEVICE.PLUTO_0.12208,PLUTO,0.12208,r,sym,r/nosym,0.1374568388,0.01363826045,0.756654219,0.1320828786,0.01254460032,0.7877865094,0.1076923077,65
SDRDEVICE.PLUTO_0.12208,PLUTO,0.12208,r0,nosym,r/nosym,0.3235106818,0.07916024062,0.3523621923,0.3500132906,0.09240512338,0.240884837,0.01538461538,65
SDRDEVICE.PLUTO_0.12208,PLUTO,0.12208,r0,sym,r/nosym,0.1897141289,0.02732147719,0.6339208463,0.2348732177,0.04067547306,0.4176636165,0,65
SDRDEVICE.PLUTO_0.12208,PLUTO,0.12208,r1,nosym,r/nosym,0.390262336,0.1106958422,0.3289798169,0.3534998256,0.09224767721,0.4943487736,0.07692307692,65
SDRDEVICE.PLUTO_0.12208,PLUTO,0.12208,r1,sym,r/nosym,0.2100963915,0.03291963051,0.5457282444,0.1647117404,0.02054321086,0.7470471133,0.06153846154,65
SDRDEVICE.PLUTO_0.13124,PLUTO,0.13124,r,nosym,r/nosym,0.2669245997,0.05393947254,0.4976912439,0.260110446,0.05144352547,0.5426260035,0.01538461538,65
SDRDEVICE.PLUTO_0.13124,PLUTO,0.13124,r,sym,r/nosym,0.1319386602,0.01294799557,0.7630609523,0.1277186609,0.01280528867,0.7735500056,0,65
SDRDEVICE.PLUTO_0.13124,PLUTO,0.13124,r0,nosym,r/nosym,0.3080950363,0.07481586933,0.437408052,0.3373842806,0.08725562704,0.3351569378,0,65
SDRDEVICE.PLUTO_0.13124,PLUTO,0.13124,r0,sym,r/nosym,0.1647604565,0.02049462698,0.7515721793,0.2125208471,0.03192487901,0.5728560392,0.09230769231,65
SDRDEVICE.PLUTO_0.13124,PLUTO,0.13124,r1,nosym,r/nosym,0.3669926275,0.09701425576,0.306374195,0.3299997619,0.07992037322,0.4788018401,0.04615384615,65
SDRDEVICE.PLUTO_0.13124,PLUTO,0.13124,r1,sym,r/nosym,0.2182305593,0.03419858839,0.485080148,0.1816230023,0.02451699088,0.6521430358,0.04615384615,65
SDRDEVICE.PLUTO_0.20114,PLUTO,0.20114,r,nosym,r/nosym,0.3985185106,0.1293048511,0.5434180368,0.2259889404,0.04764663725,0.8369214076,0.1076923077,65
SDRDEVICE.PLUTO_0.20114,PLUTO,0.20114,r,sym,r/nosym,0.2991395651,0.08476744957,0.6535425833,0.1196355475,0.01553614401,0.9508472476,0.2923076923,65
SDRDEVICE.PLUTO_0.20114,PLUTO,0.20114,r0,nosym,r/nosym,0.4262587296,0.1434719015,0.542088106,0.2761451084,0.06718981954,0.8015991669,0.1230769231,65
SDRDEVICE.PLUTO_0.20114,PLUTO,0.20114,r0,sym,r/nosym,0.3170368722,0.08789942659,0.6603874243,0.15182262,0.02143141349,0.9331283284,0.4153846154,65
SDRDEVICE.PLUTO_0.20114,PLUTO,0.20114,r1,nosym,r/nosym,0.5152717423,0.202513985,0.3596703667,0.3709310359,0.1136238068,0.6520122673,0.04615384615,65
SDRDEVICE.PLUTO_0.20114,PLUTO,0.20114,r1,sym,r/nosym,0.3261838009,0.1011276232,0.5969906815,0.1539529479,0.02712047645,0.9117956171,0.1076923077,65
SDRDEVICE.BLADERF2_0.20548,BLADERF2,0.20548,r,nosym,r/nosym,0.598400539,0.2757207535,0.2423771692,0.226910974,0.05035857077,0.79269619,0.1538461538,65
SDRDEVICE.BLADERF2_0.20548,BLADERF2,0.20548,r,sym,r/nosym,0.3548720711,0.1024861698,0.4261616173,0.1949375067,0.0368023386,0.7326989312,0.4769230769,65
SDRDEVICE.BLADERF2_0.20548,BLADERF2,0.20548,r0,nosym,r/nosym,0.6066927068,0.2848172307,0.2749809297,0.3380127747,0.1051853056,0.69099433,0.1076923077,65
SDRDEVICE.BLADERF2_0.20548,BLADERF2,0.20548,r0,sym,r/nosym,0.3212534563,0.09585841448,0.5447122953,0.2504421423,0.06111159739,0.6800816757,0.2307692308,65
SDRDEVICE.BLADERF2_0.20548,BLADERF2,0.20548,r1,nosym,r/nosym,0.6723552136,0.3373975236,0.1827854117,0.2920193921,0.08363443554,0.7614150538,0.1692307692,65
SDRDEVICE.BLADERF2_0.20548,BLADERF2,0.20548,r1,sym,r/nosym,0.4455377581,0.1550468745,0.2758112603,0.2525159231,0.05575860321,0.6978290467,0.2769230769,65
SDRDEVICE.PLUTO_0.21367,PLUTO,0.21367,r,nosym,r/nosym,0.3362372046,0.08556347913,0.1356167333,0.2791204551,0.05931092842,0.5364288051,0.07692307692,65
SDRDEVICE.PLUTO_0.21367,PLUTO,0.21367,r,sym,r/nosym,0.1894195106,0.02907759395,0.1440861087,0.1876625286,0.02784024524,0.3001601356,0.1384615385,65
SDRDEVICE.PLUTO_0.21367,PLUTO,0.21367,r0,nosym,r/nosym,0.465975745,0.1619066332,-0.3394446969,0.3990156332,0.1225378418,0.3914448266,0.03076923077,65
SDRDEVICE.PLUTO_0.21367,PLUTO,0.21367,r0,sym,r/nosym,0.3546891524,0.08930259058,-0.6999817207,0.3584529429,0.08771383886,-0.1566824834,0.1076923077,65
SDRDEVICE.PLUTO_0.21367,PLUTO,0.21367,r1,nosym,r/nosym,0.451487004,0.1618578679,0.4014481667,0.4622861416,0.1677642912,0.2137975296,0.03076923077,65
SDRDEVICE.PLUTO_0.21367,PLUTO,0.21367,r1,sym,r/nosym,0.3163945079,0.07124740893,0.6075973393,0.3009957756,0.06825127293,0.4525304398,0.03076923077,65
SDRDEVICE.PLUTO_0.21715,PLUTO,0.21715,r,nosym,r/nosym,0.2776499809,0.05868581371,0.6120833269,0.2432632783,0.04802606089,0.7090531568,0,65
SDRDEVICE.PLUTO_0.21715,PLUTO,0.21715,r,sym,r/nosym,0.1606354605,0.01853052202,0.8130349759,0.1162397675,0.01223075907,0.8959366585,0.1846153846,65
SDRDEVICE.PLUTO_0.21715,PLUTO,0.21715,r0,nosym,r/nosym,0.3464822664,0.09296722095,0.480317081,0.3377841082,0.08613701988,0.5326913993,0.03076923077,65
SDRDEVICE.PLUTO_0.21715,PLUTO,0.21715,r0,sym,r/nosym,0.1620565066,0.02120334054,0.8107414233,0.1485528792,0.01880341703,0.8320535186,0.3384615385,65
SDRDEVICE.PLUTO_0.21715,PLUTO,0.21715,r1,nosym,r/nosym,0.3837635644,0.1160462709,0.4453727917,0.3471674467,0.09960786684,0.5828025308,0.03076923077,65
SDRDEVICE.PLUTO_0.21715,PLUTO,0.21715,r1,sym,r/nosym,0.2385998619,0.04405605343,0.6513702059,0.1908501024,0.03134915011,0.7984849166,0.04615384615,65
SDRDEVICE.PLUTO_0.22891,PLUTO,0.22891,r,nosym,r/nosym,0.2458748677,0.04806848499,0.5856711566,0.239727089,0.04376967315,0.623037503,0,65
SDRDEVICE.PLUTO_0.22891,PLUTO,0.22891,r,sym,r/nosym,0.1143527012,0.01050637817,0.8508697161,0.1115663712,0.009989735436,0.8597646456,0.04615384615,65
SDRDEVICE.PLUTO_0.22891,PLUTO,0.22891,r0,nosym,r/nosym,0.3319999985,0.08195066127,0.4696789969,0.3449199178,0.08933108844,0.397211947,0,65
SDRDEVICE.PLUTO_0.22891,PLUTO,0.22891,r0,sym,r/nosym,0.1664674346,0.02275355185,0.7749127893,0.1725984195,0.02444070847,0.7553510854,0,65
SDRDEVICE.PLUTO_0.22891,PLUTO,0.22891,r1,nosym,r/nosym,0.3768597685,0.109023617,0.3674288879,0.3491690657,0.09336723402,0.4905357258,0.01538461538,65
SDRDEVICE.PLUTO_0.22891,PLUTO,0.22891,r1,sym,r/nosym,0.237255269,0.04096149818,0.5413539316,0.2273798697,0.03787380822,0.5799215513,0,65
SDRDEVICE.PLUTO_0.28159,PLUTO,0.28159,r,nosym,r/nosym,0.4192118997,0.1381044408,0.5313017706,0.2200400393,0.04143831893,0.8645304751,0.1538461538,65
SDRDEVICE.PLUTO_0.28159,PLUTO,0.28159,r,sym,r/nosym,0.327819654,0.09397485746,0.63518112,0.1091457434,0.01207674697,0.9644555623,0.4153846154,65
SDRDEVICE.PLUTO_0.28159,PLUTO,0.28159,r0,nosym,r/nosym,0.4714706882,0.1635707838,0.4867357871,0.2679650474,0.06077347051,0.8290532691,0.2153846154,65
SDRDEVICE.PLUTO_0.28159,PLUTO,0.28159,r0,sym,r/nosym,0.3319921774,0.09192696338,0.6570110871,0.1053073174,0.01316288172,0.9706881002,0.4461538462,65
SDRDEVICE.PLUTO_0.28159,PLUTO,0.28159,r1,nosym,r/nosym,0.5165985802,0.1968864229,0.3866958746,0.3676211282,0.1047651136,0.6720377146,0.07692307692,65
SDRDEVICE.PLUTO_0.28159,PLUTO,0.28159,r1,sym,r/nosym,0.3578179796,0.1090388603,0.5798221345,0.1583390182,0.02197831335,0.9240904058,0.3538461538,65
SDRDEVICE.PLUTO_0.32182,PLUTO,0.32182,r,nosym,r/nosym,0.4202282654,0.1378949825,0.5411007071,0.2433032088,0.0497168554,0.8415273856,0.1076923077,65
SDRDEVICE.PLUTO_0.32182,PLUTO,0.32182,r,sym,r/nosym,0.3146211247,0.08676214038,0.6680092345,0.1179666743,0.01317669299,0.9594619012,0.5076923077,65
SDRDEVICE.PLUTO_0.32182,PLUTO,0.32182,r0,nosym,r/nosym,0.4752735202,0.1689046153,0.4872255207,0.3008585516,0.07451492408,0.80693348,0.1538461538,65
SDRDEVICE.PLUTO_0.32182,PLUTO,0.32182,r0,sym,r/nosym,0.3307848775,0.09087050005,0.6609976292,0.1309359926,0.02049499074,0.9521894441,0.5076923077,65
SDRDEVICE.PLUTO_0.32182,PLUTO,0.32182,r1,nosym,r/nosym,0.5099874747,0.1913686237,0.430505579,0.3706860764,0.1064511365,0.6760376213,0.06153846154,65
SDRDEVICE.PLUTO_0.32182,PLUTO,0.32182,r1,sym,r/nosym,0.331345843,0.09681933933,0.6441851457,0.1470763581,0.01875227484,0.9292995464,0.3846153846,65
SDRDEVICE.PLUTO_0.40831,PLUTO,0.40831,r,nosym,r/nosym,0.3987037372,0.1280242484,0.6168002439,0.2523066057,0.05453079919,0.8286540512,0.1076923077,65
SDRDEVICE.PLUTO_0.40831,PLUTO,0.40831,r,sym,r/nosym,0.2764094024,0.07603129359,0.7579108735,0.1286499388,0.01700135852,0.9496699712,0.3538461538,65
SDRDEVICE.PLUTO_0.40831,PLUTO,0.40831,r0,nosym,r/nosym,0.4675252663,0.1639835337,0.5453338508,0.3010796986,0.0758708966,0.8073986115,0.1076923077,65
SDRDEVICE.PLUTO_0.40831,PLUTO,0.40831,r0,sym,r/nosym,0.2977612395,0.07903447704,0.7476405467,0.1416385721,0.02094616991,0.9444243524,0.2,65
SDRDEVICE.PLUTO_0.40831,PLUTO,0.40831,r1,nosym,r/nosym,0.4866235044,0.1768889013,0.5234099782,0.3795487852,0.1148825411,0.6602403861,0.1076923077,65
SDRDEVICE.PLUTO_0.40831,PLUTO,0.40831,r1,sym,r/nosym,0.2983504187,0.08790893997,0.7339675034,0.1646018053,0.02496140224,0.9171868849,0.4461538462,65
SDRDEVICE.PLUTO_0.41762,PLUTO,0.41762,r,nosym,r/nosym,0.2286469811,0.04405562811,0.7975132745,0.1908351465,0.03414773482,0.8676402384,0.1846153846,65
SDRDEVICE.PLUTO_0.41762,PLUTO,0.41762,r,sym,r/nosym,0.1023879624,0.009776957506,0.9512108215,0.1066930438,0.01106514938,0.950108012,0.4,65
SDRDEVICE.PLUTO_0.41762,PLUTO,0.41762,r0,nosym,r/nosym,0.2729761623,0.06850540264,0.7138652552,0.2423737423,0.05782128642,0.7915466892,0.07692307692,65
SDRDEVICE.PLUTO_0.41762,PLUTO,0.41762,r0,sym,r/nosym,0.1299896624,0.01586211465,0.9131972342,0.1308602756,0.01710200068,0.9173171881,0.2153846154,65
SDRDEVICE.PLUTO_0.41762,PLUTO,0.41762,r1,nosym,r/nosym,0.2804485564,0.07611337558,0.7628302486,0.2526332181,0.06548415992,0.8159879993,0.1846153846,65
SDRDEVICE.PLUTO_0.41762,PLUTO,0.41762,r1,sym,r/nosym,0.135482844,0.01662779171,0.9328786968,0.1405838038,0.01776285461,0.9270635403,0.3230769231,65
SDRDEVICE.PLUTO_0.41764,PLUTO,0.41764,r,nosym,r/nosym,0.3095977097,0.08372090911,0.7190757643,0.206644895,0.04458691553,0.8796598464,0.03076923077,65
SDRDEVICE.PLUTO_0.41764,PLUTO,0.41764,r,sym,r/nosym,0.1339106262,0.01610900863,0.9287683417,0.1122136802,0.01289847036,0.951976453,0.2307692308,65
SDRDEVICE.PLUTO_0.41764,PLUTO,0.41764,r0,nosym,r/nosym,0.3704910093,0.1230664882,0.6456797351,0.297604161,0.08593271173,0.7714862097,0.06153846154,65
SDRDEVICE.PLUTO_0.41764,PLUTO,0.41764,r0,sym,r/nosym,0.1723493553,0.02775966876,0.886796017,0.1632096044,0.02633314261,0.9025528793,0.2153846154,65
SDRDEVICE.PLUTO_0.41764,PLUTO,0.41764,r1,nosym,r/nosym,0.3429074848,0.1087004203,0.6680820983,0.2416932882,0.06353913072,0.8463927485,0.04615384615,65
SDRDEVICE.PLUTO_0.41764,PLUTO,0.41764,r1,sym,r/nosym,0.1646071013,0.02881752091,0.8959036261,0.1409917447,0.02283790923,0.9270710521,0.2923076923,65
SDRDEVICE.BLADERF2_0.47259,BLADERF2,0.47259,r,nosym,r/nosym,0.6232423347,0.2967570586,0.2860223042,0.2940260366,0.08715768446,0.6632686615,0.1692307692,65
SDRDEVICE.BLADERF2_0.47259,BLADERF2,0.47259,r,sym,r/nosym,0.366568561,0.1128090658,0.4512980277,0.248410407,0.06314600751,0.6020064735,0.2769230769,65
SDRDEVICE.BLADERF2_0.47259,BLADERF2,0.47259,r0,nosym,r/nosym,0.647739798,0.319589402,0.3091643232,0.4159386524,0.1587994569,0.5816036421,0.07692307692,65
SDRDEVICE.BLADERF2_0.47259,BLADERF2,0.47259,r0,sym,r/nosym,0.3600758836,0.1111767043,0.5072629997,0.2803828499,0.07614202068,0.6355976667,0.1230769231,65
SDRDEVICE.BLADERF2_0.47259,BLADERF2,0.47259,r1,nosym,r/nosym,0.7173025059,0.3767177075,0.2054316477,0.389935828,0.140066283,0.6588803296,0.1384615385,65
SDRDEVICE.BLADERF2_0.47259,BLADERF2,0.47259,r1,sym,r/nosym,0.4434983847,0.16243174,0.3564288729,0.3021026719,0.08562177782,0.5857308515,0.1538461538,65
SDRDEVICE.BLADERF2_0.48083,BLADERF2,0.48083,r,nosym,r/nosym,0.5664054952,0.2463518453,0.4252513557,0.2470741508,0.05625240051,0.8677499087,0.1076923077,65
SDRDEVICE.BLADERF2_0.48083,BLADERF2,0.48083,r,sym,r/nosym,0.3381668113,0.1188998778,0.6596763452,0.1473480824,0.02240076851,0.9198750806,0.1846153846,65
SDRDEVICE.BLADERF2_0.48083,BLADERF2,0.48083,r0,nosym,r/nosym,0.6060431107,0.2858856919,0.3939450985,0.3428835618,0.1092358861,0.7560920782,0.1846153846,65
SDRDEVICE.BLADERF2_0.48083,BLADERF2,0.48083,r0,sym,r/nosym,0.4065366914,0.1552660295,0.5844830544,0.2036011524,0.04253349705,0.8779937185,0.03076923077,65
SDRDEVICE.BLADERF2_0.48083,BLADERF2,0.48083,r1,nosym,r/nosym,0.6334438795,0.291731232,0.3703197881,0.3603485697,0.1142636551,0.7562121927,0.1230769231,65
SDRDEVICE.BLADERF2_0.48083,BLADERF2,0.48083,r1,sym,r/nosym,0.3370750567,0.1133552478,0.6625752255,0.2232266564,0.04757708278,0.8087581013,0.2769230769,65
SDRDEVICE.PLUTO_0.48083,PLUTO,0.48083,r,nosym,r/nosym,0.3520589655,0.1100946081,0.7368060411,0.1887918449,0.0328506778,0.9022357309,0.1846153846,65
SDRDEVICE.PLUTO_0.48083,PLUTO,0.48083,r,sym,r/nosym,0.2805116381,0.07760752707,0.8264420897,0.130688714,0.01572392192,0.9594540326,0.4153846154,65
SDRDEVICE.PLUTO_0.48083,PLUTO,0.48083,r0,nosym,r/nosym,0.3067701348,0.08716766409,0.7566944276,0.2454678479,0.05500496879,0.8165932454,0.1076923077,65
SDRDEVICE.PLUTO_0.48083,PLUTO,0.48083,r0,sym,r/nosym,0.201947377,0.04831596522,0.8855666251,0.2054893541,0.03333393172,0.8837999147,0.06153846154,65
SDRDEVICE.PLUTO_0.48083,PLUTO,0.48083,r1,nosym,r/nosym,0.5113405626,0.2132682561,0.6139556963,0.3265804504,0.09361445267,0.8267248927,0.2307692308,65
SDRDEVICE.PLUTO_0.48083,PLUTO,0.48083,r1,sym,r/nosym,0.4355181702,0.1661775087,0.705476212,0.2317546983,0.05086979628,0.9156898761,0.3846153846,65
SDRDEVICE.PLUTO_0.48273,PLUTO,0.48273,r,nosym,r/nosym,0.318133119,0.08358659015,0.7478879978,0.2493091968,0.05272529444,0.836554871,0.1538461538,65
SDRDEVICE.PLUTO_0.48273,PLUTO,0.48273,r,sym,r/nosym,0.157846034,0.02940720182,0.9190502972,0.1248165589,0.0161323139,0.9516498651,0.2615384615,65
SDRDEVICE.PLUTO_0.48273,PLUTO,0.48273,r0,nosym,r/nosym,0.3996420823,0.1245032403,0.6569512305,0.3047212149,0.07780673925,0.8014323639,0.1230769231,65
SDRDEVICE.PLUTO_0.48273,PLUTO,0.48273,r0,sym,r/nosym,0.1828111736,0.03437148128,0.9097600383,0.1423328431,0.02296420764,0.9437994024,0.3230769231,65
SDRDEVICE.PLUTO_0.48273,PLUTO,0.48273,r1,nosym,r/nosym,0.4139106838,0.1287208878,0.6404057117,0.3735742744,0.1086174797,0.6727194368,0.09230769231,65
SDRDEVICE.PLUTO_0.48273,PLUTO,0.48273,r1,sym,r/nosym,0.1861721794,0.03954918858,0.8901814534,0.1592465286,0.02291629642,0.9226148448,0.4461538462,65
SDRDEVICE.BLADERF2_0.48400,BLADERF2,0.484,r,nosym,r/nosym,0.5628490273,0.2546662355,0.4391671611,0.1892121506,0.03666869623,0.9196664684,0.2307692308,65
SDRDEVICE.BLADERF2_0.48400,BLADERF2,0.484,r,sym,r/nosym,0.3315692675,0.119256589,0.6784791766,0.1206287859,0.01601641055,0.9492696813,0.2923076923,65
SDRDEVICE.BLADERF2_0.48400,BLADERF2,0.484,r0,nosym,r/nosym,0.5995053783,0.281421243,0.4292319204,0.2800600085,0.07453488092,0.8394042614,0.1384615385,65
SDRDEVICE.BLADERF2_0.48400,BLADERF2,0.484,r0,sym,r/nosym,0.4024174161,0.1540553338,0.6261357618,0.1757601521,0.0330437898,0.9199061018,0.3230769231,65
SDRDEVICE.BLADERF2_0.48400,BLADERF2,0.484,r1,nosym,r/nosym,0.6249410608,0.2988948515,0.3755964167,0.3031143949,0.08867764413,0.8134005591,0.1692307692,65
SDRDEVICE.BLADERF2_0.48400,BLADERF2,0.484,r1,sym,r/nosym,0.3309011172,0.118918665,0.6519302439,0.2160831597,0.04274859076,0.8237645186,0.1538461538,65
SDRDEVICE.PLUTO_0.48400,PLUTO,0.484,r,nosym,r/nosym,0.3441187632,0.1140145613,0.7279196759,0.2059467022,0.03790198755,0.8690098647,0.1692307692,65
SDRDEVICE.PLUTO_0.48400,PLUTO,0.484,r,sym,r/nosym,0.303813451,0.09458706475,0.7890750472,0.1449725916,0.02016476737,0.93984355,0.3230769231,65
SDRDEVICE.PLUTO_0.48400,PLUTO,0.484,r0,nosym,r/nosym,0.3404045679,0.106638477,0.6890993274,0.2963874489,0.07418268797,0.7228673689,0.01538461538,65
SDRDEVICE.PLUTO_0.48400,PLUTO,0.484,r0,sym,r/nosym,0.2492006897,0.06713411831,0.793041045,0.222318078,0.04087923174,0.8250084668,0.07692307692,65
SDRDEVICE.PLUTO_0.48400,PLUTO,0.484,r1,nosym,r/nosym,0.5362894188,0.2402484407,0.5740639634,0.3639777766,0.119753395,0.7583166744,0.1384615385,65
SDRDEVICE.PLUTO_0.48400,PLUTO,0.484,r1,sym,r/nosym,0.4491416817,0.1844175068,0.6770926478,0.2419025302,0.05713304348,0.8984085763,0.3538461538,65
SDRDEVICE.BLADERF2_0.48684,BLADERF2,0.48684,r,nosym,r/nosym,0.5594069936,0.2545244781,0.3522138796,0.2445806891,0.05854331935,0.7747797419,0.07692307692,65
SDRDEVICE.BLADERF2_0.48684,BLADERF2,0.48684,r,sym,r/nosym,0.3474073631,0.1139805222,0.5310715747,0.1663523976,0.03330345797,0.740858029,0.1538461538,65
SDRDEVICE.BLADERF2_0.48684,BLADERF2,0.48684,r0,nosym,r/nosym,0.5994620236,0.2812244801,0.4077458712,0.4050117138,0.1440323143,0.6554288435,0.1384615385,65
SDRDEVICE.BLADERF2_0.48684,BLADERF2,0.48684,r0,sym,r/nosym,0.4076802771,0.1522947011,0.5677192705,0.2465705997,0.06018039991,0.8250186667,0.1846153846,65
SDRDEVICE.BLADERF2_0.48684,BLADERF2,0.48684,r1,nosym,r/nosym,0.6744925158,0.3384811016,0.2885345996,0.3844730901,0.1335347277,0.6931828681,0.04615384615,65
SDRDEVICE.BLADERF2_0.48684,BLADERF2,0.48684,r1,sym,r/nosym,0.364358901,0.124285102,0.5205147708,0.2695517798,0.06799110945,0.6214832863,0.1230769231,65
SDRDEVICE.PLUTO_0.48684,PLUTO,0.48684,r,nosym,r/nosym,0.410558838,0.1570162909,0.624237764,0.2481661523,0.05578291953,0.8040261686,0.1692307692,65
SDRDEVICE.PLUTO_0.48684,PLUTO,0.48684,r,sym,r/nosym,0.3498449455,0.1190053363,0.6998175421,0.1689482381,0.02641740244,0.9100282031,0.2,65
SDRDEVICE.PLUTO_0.48684,PLUTO,0.48684,r0,nosym,r/nosym,0.4411540651,0.1787073738,0.5168021068,0.330988062,0.09430403185,0.6525357465,0.01538461538,65
SDRDEVICE.PLUTO_0.48684,PLUTO,0.48684,r0,sym,r/nosym,0.3329131132,0.1083676186,0.6695901399,0.2447345543,0.04973495322,0.7902144774,0.1692307692,65
SDRDEVICE.PLUTO_0.48684,PLUTO,0.48684,r1,nosym,r/nosym,0.5513936128,0.2507038658,0.5430238319,0.385419271,0.1305545712,0.7290142042,0.2153846154,65
SDRDEVICE.PLUTO_0.48684,PLUTO,0.48684,r1,sym,r/nosym,0.4790685364,0.1943739999,0.6274437627,0.2684056411,0.06687584392,0.8712561014,0.2307692308,65
SDRDEVICE.BLADERF2_0.49314,BLADERF2,0.49314,r,nosym,r/nosym,0.5839183478,0.2600371342,0.3408414632,0.2768003287,0.07079663008,0.7750885309,0.1692307692,65
SDRDEVICE.BLADERF2_0.49314,BLADERF2,0.49314,r,sym,r/nosym,0.2994191331,0.07595709256,0.5999046907,0.2012632335,0.03736189346,0.7823166063,0.2923076923,65
SDRDEVICE.BLADERF2_0.49314,BLADERF2,0.49314,r0,nosym,r/nosym,0.6099274921,0.2856938035,0.3635367025,0.391755295,0.1352598865,0.6718612729,0.1846153846,65
SDRDEVICE.BLADERF2_0.49314,BLADERF2,0.49314,r0,sym,r/nosym,0.2887991683,0.07598101973,0.6882964886,0.2749064064,0.06591961196,0.7262154761,0.1384615385,65
SDRDEVICE.BLADERF2_0.49314,BLADERF2,0.49314,r1,nosym,r/nosym,0.6965306386,0.3516655408,0.2046351524,0.4168133454,0.1508247528,0.6410700172,0.1230769231,65
SDRDEVICE.BLADERF2_0.49314,BLADERF2,0.49314,r1,sym,r/nosym,0.4135159456,0.13481112,0.360918167,0.2868888005,0.0703591036,0.639975805,0.1846153846,65
SDRDEVICE.BLADERF2_0.51369,BLADERF2,0.51369,r,nosym,r/nosym,0.5633488184,0.2475418233,0.3765346054,0.2561816571,0.06508554123,0.8239090205,0.1692307692,65
SDRDEVICE.BLADERF2_0.51369,BLADERF2,0.51369,r,sym,r/nosym,0.26900291,0.06141647604,0.690908429,0.1888299989,0.03096563981,0.8610946252,0.1692307692,65
SDRDEVICE.BLADERF2_0.51369,BLADERF2,0.51369,r0,nosym,r/nosym,0.5926842737,0.2783079226,0.3754718076,0.3798375901,0.1359820349,0.6947143634,0.1230769231,65
SDRDEVICE.BLADERF2_0.51369,BLADERF2,0.51369,r0,sym,r/nosym,0.2816469607,0.06862848528,0.7208487612,0.2523425129,0.06106275361,0.7622651452,0.07692307692,65
SDRDEVICE.BLADERF2_0.51369,BLADERF2,0.51369,r1,nosym,r/nosym,0.6732326096,0.3333242867,0.2646605874,0.3674888264,0.1279639924,0.7041763658,0.1230769231,65
SDRDEVICE.BLADERF2_0.51369,BLADERF2,0.51369,r1,sym,r/nosym,0.3675318623,0.1121336235,0.5188249097,0.2582770252,0.05526323567,0.7747250514,0.1230769231,65
SDRDEVICE.BLADERF2_0.53424,BLADERF2,0.53424,r,nosym,r/nosym,0.5585952872,0.2436618447,0.3788363161,0.2319273732,0.04873626841,0.8714559428,0.1692307692,65
SDRDEVICE.BLADERF2_0.53424,BLADERF2,0.53424,r,sym,r/nosym,0.272059075,0.06030763231,0.6703639546,0.1577647659,0.02419689451,0.8953587082,0.2,65
SDRDEVICE.BLADERF2_0.53424,BLADERF2,0.53424,r0,nosym,r/nosym,0.5716098188,0.2545993518,0.4301616589,0.3736906093,0.1226434808,0.6768398315,0.09230769231,65
SDRDEVICE.BLADERF2_0.53424,BLADERF2,0.53424,r0,sym,r/nosym,0.2508781725,0.05490029537,0.7993595477,0.262126896,0.05928653291,0.7735361151,0.04615384615,65
SDRDEVICE.BLADERF2_0.53424,BLADERF2,0.53424,r1,nosym,r/nosym,0.6811880379,0.3373406574,0.203988318,0.3691947419,0.1125931769,0.7274871071,0.1538461538,65
SDRDEVICE.BLADERF2_0.53424,BLADERF2,0.53424,r1,sym,r/nosym,0.3896179126,0.1205962597,0.4042752731,0.2341664694,0.04732388224,0.7857265673,0.2307692308,65
SDRDEVICE.BLADERF2_0.55478,BLADERF2,0.55478,r,nosym,r/nosym,0.5591732642,0.2421096577,0.3628366684,0.2223135767,0.0440086041,0.8858867827,0.1846153846,65
SDRDEVICE.BLADERF2_0.55478,BLADERF2,0.55478,r,sym,r/nosym,0.2764048925,0.06186177014,0.6520446111,0.154160568,0.02221474295,0.8972073364,0.2,65
SDRDEVICE.BLADERF2_0.55478,BLADERF2,0.55478,r0,nosym,r/nosym,0.5809738241,0.2582786796,0.3984836077,0.3480169743,0.1076441721,0.7284432023,0.09230769231,65
SDRDEVICE.BLADERF2_0.55478,BLADERF2,0.55478,r0,sym,r/nosym,0.2565578937,0.05623642093,0.7625064845,0.222908151,0.04496849262,0.8205901869,0.1384615385,65
SDRDEVICE.BLADERF2_0.55478,BLADERF2,0.55478,r1,nosym,r/nosym,0.6635223655,0.3236820721,0.2175009651,0.3430778159,0.1030635905,0.7512420305,0.1538461538,65
SDRDEVICE.BLADERF2_0.55478,BLADERF2,0.55478,r1,sym,r/nosym,0.3780965163,0.110143437,0.4239731344,0.2152920982,0.0405720733,0.7979788275,0.2461538462,65
SDRDEVICE.PLUTO_0.56296,PLUTO,0.56296,r,nosym,r/nosym,0.7439919833,0.4060071725,0.1731000294,0.7026172986,0.3820996924,0.2397463099,0.01538461538,65
SDRDEVICE.PLUTO_0.56296,PLUTO,0.56296,r,sym,r/nosym,0.4616782689,0.1874028119,0.3402395023,0.4368891604,0.1735266019,0.4556183047,0.06153846154,65
SDRDEVICE.PLUTO_0.56296,PLUTO,0.56296,r0,nosym,r/nosym,0.8998775191,0.5492334098,-0.03094107968,0.7492035019,0.4040983358,0.3477533208,0.04615384615,65
SDRDEVICE.PLUTO_0.56296,PLUTO,0.56296,r0,sym,r/nosym,0.6926396712,0.3641430956,-0.04674984611,0.5947846349,0.2864805059,0.267468222,0.03076923077,65
SDRDEVICE.PLUTO_0.56296,PLUTO,0.56296,r1,nosym,r/nosym,0.8242657427,0.4702281416,0.2800848025,0.9197051116,0.5768796622,0.001031749221,0,65
SDRDEVICE.PLUTO_0.56296,PLUTO,0.56296,r1,sym,r/nosym,0.5248754996,0.2356345037,0.544050565,0.6097288849,0.2940666279,0.4073705591,0.04615384615,65
SDRDEVICE.PLUTO_0.56318,PLUTO,0.56318,r,nosym,r/nosym,0.4618890386,0.170630025,0.4555131599,0.4106050388,0.1418793723,0.4945046624,0.04615384615,65
SDRDEVICE.PLUTO_0.56318,PLUTO,0.56318,r,sym,r/nosym,0.2637404251,0.05633321714,0.6880713086,0.2180998378,0.04147305874,0.7787687626,0.1692307692,65
SDRDEVICE.PLUTO_0.56318,PLUTO,0.56318,r0,nosym,r/nosym,0.7393508714,0.3830975611,-0.02692159854,0.5851986756,0.2543475174,0.3577682949,0,65
SDRDEVICE.PLUTO_0.56318,PLUTO,0.56318,r0,sym,r/nosym,0.5226842076,0.2076179967,-0.01165507042,0.4418281365,0.1584973199,0.1772073132,0,65
SDRDEVICE.PLUTO_0.56318,PLUTO,0.56318,r1,nosym,r/nosym,0.5535976276,0.2272131514,0.5650756006,0.6358011314,0.2963808631,0.3243710604,0.07692307692,65
SDRDEVICE.PLUTO_0.56318,PLUTO,0.56318,r1,sym,r/nosym,0.2866969644,0.08052223843,0.8554253504,0.3321749795,0.1017245564,0.8254239817,0.2,65
SDRDEVICE.PLUTO_0.56319,PLUTO,0.56319,r,nosym,r/nosym,0.3658215766,0.1037452573,0.5964489779,0.3377804284,0.09029545344,0.5963982171,0.09230769231,65
SDRDEVICE.PLUTO_0.56319,PLUTO,0.56319,r,sym,r/nosym,0.1961182239,0.0307276617,0.8239957165,0.1719561027,0.0248458883,0.8556855259,0.2615384615,65
SDRDEVICE.PLUTO_0.56319,PLUTO,0.56319,r0,nosym,r/nosym,0.5289762256,0.2047409363,0.179076946,0.4376720518,0.1382904766,0.4116731941,0,65
SDRDEVICE.PLUTO_0.56319,PLUTO,0.56319,r0,sym,r/nosym,0.3629330612,0.09156779112,0.3395521399,0.3272957093,0.07574035471,0.4069423455,0.03076923077,65
SDRDEVICE.PLUTO_0.56319,PLUTO,0.56319,r1,nosym,r/nosym,0.4962375814,0.1757555206,0.593786142,0.5437634176,0.214718582,0.4595515061,0.09230769231,65
SDRDEVICE.PLUTO_0.56319,PLUTO,0.56319,r1,sym,r/nosym,0.2191638123,0.04772334675,0.905212623,0.23230588,0.05231318521,0.9068233741,0.2615384615,65
SDRDEVICE.BLADERF2_0.57533,BLADERF2,0.57533,r,nosym,r/nosym,0.5670380255,0.2535339199,0.3488190668,0.2075880702,0.04032191525,0.8888087356,0.1384615385,65
SDRDEVICE.BLADERF2_0.57533,BLADERF2,0.57533,r,sym,r/nosym,0.2893006675,0.06791730495,0.6214845463,0.1674006446,0.02478675614,0.8765425912,0.1538461538,65
SDRDEVICE.BLADERF2_0.57533,BLADERF2,0.57533,r0,nosym,r/nosym,0.5852452496,0.2667965239,0.4088387898,0.3501574108,0.1181277984,0.7262636354,0.1846153846,65
SDRDEVICE.BLADERF2_0.57533,BLADERF2,0.57533,r0,sym,r/nosym,0.2444220557,0.05551730988,0.7863777539,0.2410204632,0.05436390477,0.7964855073,0.1230769231,65
SDRDEVICE.BLADERF2_0.57533,BLADERF2,0.57533,r1,nosym,r/nosym,0.6801872571,0.338912242,0.2019938781,0.3180273758,0.08953802566,0.7801582965,0.09230769231,65
SDRDEVICE.BLADERF2_0.57533,BLADERF2,0.57533,r1,sym,r/nosym,0.4218982347,0.1387913405,0.3603076758,0.2436408518,0.05042591417,0.7676718885,0.2461538462,65
SDRDEVICE.PLUTO_0.57606,PLUTO,0.57606,r,nosym,r/nosym,0.4708729895,0.175451814,0.4461030018,0.4633020782,0.1629764005,0.4186341323,0.01538461538,65
SDRDEVICE.PLUTO_0.57606,PLUTO,0.57606,r,sym,r/nosym,0.2799564415,0.06707655689,0.6815764237,0.2642001634,0.06146163068,0.6974303352,0.09230769231,65
SDRDEVICE.PLUTO_0.57606,PLUTO,0.57606,r0,nosym,r/nosym,0.7983323832,0.4385365551,-0.08977806868,0.710943312,0.3553022186,0.14481793,0,65
SDRDEVICE.PLUTO_0.57606,PLUTO,0.57606,r0,sym,r/nosym,0.6296738312,0.2856303937,-0.2015318166,0.591308959,0.2551459778,-0.1452628851,0,65
SDRDEVICE.PLUTO_0.57606,PLUTO,0.57606,r1,nosym,r/nosym,0.5245548429,0.2070811922,0.6434121058,0.6073149353,0.2682736991,0.4031069927,0.01538461538,65
SDRDEVICE.PLUTO_0.57606,PLUTO,0.57606,r1,sym,r/nosym,0.3530053039,0.1124413149,0.8665196088,0.3992938314,0.1345971882,0.8413812072,0.1538461538,65
SDRDEVICE.BLADERF2_0.59588,BLADERF2,0.59588,r,nosym,r/nosym,0.5878343609,0.2690325507,0.3545367207,0.2636062149,0.0663749766,0.8536172121,0.1538461538,65
SDRDEVICE.BLADERF2_0.59588,BLADERF2,0.59588,r,sym,r/nosym,0.2983005073,0.07466783703,0.6381462163,0.2229636261,0.04274090447,0.8075949957,0.07692307692,65
SDRDEVICE.BLADERF2_0.59588,BLADERF2,0.59588,r0,nosym,r/nosym,0.6171154732,0.2936806948,0.4062197051,0.412463499,0.1482033131,0.6813119782,0.1230769231,65
SDRDEVICE.BLADERF2_0.59588,BLADERF2,0.59588,r0,sym,r/nosym,0.2775432936,0.07420756755,0.7686957277,0.3096023304,0.08651075121,0.7024983824,0.04615384615,65
SDRDEVICE.BLADERF2_0.59588,BLADERF2,0.59588,r1,nosym,r/nosym,0.7069433306,0.3634140228,0.1861431279,0.393585971,0.1350926905,0.7061053888,0.1230769231,65
SDRDEVICE.BLADERF2_0.59588,BLADERF2,0.59588,r1,sym,r/nosym,0.4497580759,0.1581333496,0.3462606217,0.3093130221,0.07987571213,0.6851904573,0.1538461538,65
SDRDEVICE.PLUTO_0.60342,PLUTO,0.60342,r,nosym,r/nosym,0.2926266663,0.07224819116,0.7414342844,0.2307703984,0.04796040473,0.8418457949,0.2615384615,65
SDRDEVICE.PLUTO_0.60342,PLUTO,0.60342,r,sym,r/nosym,0.1126700776,0.01197215328,0.9520126951,0.1105217232,0.01358248514,0.9590594896,0.2923076923,65
SDRDEVICE.PLUTO_0.60342,PLUTO,0.60342,r0,nosym,r/nosym,0.3674541823,0.1118607202,0.7066358612,0.2970694009,0.08033826421,0.8055716305,0.1846153846,65
SDRDEVICE.PLUTO_0.60342,PLUTO,0.60342,r0,sym,r/nosym,0.1417127733,0.02074133008,0.9444840704,0.140942996,0.02323281902,0.9476725684,0.2923076923,65
SDRDEVICE.PLUTO_0.60342,PLUTO,0.60342,r1,nosym,r/nosym,0.3844267416,0.114864047,0.6353887823,0.3386579142,0.0962238997,0.719527353,0.3230769231,65
SDRDEVICE.PLUTO_0.60342,PLUTO,0.60342,r1,sym,r/nosym,0.1494801401,0.01771885771,0.9222730073,0.1481362342,0.0189644473,0.9296103732,0.04615384615,65
SDRDEVICE.BLADERF2_0.65752,BLADERF2,0.65752,r,nosym,r/nosym,0.5596439912,0.2459957369,0.3522217567,0.2162747912,0.04526601294,0.8675790582,0.2153846154,65
SDRDEVICE.BLADERF2_0.65752,BLADERF2,0.65752,r,sym,r/nosym,0.2994826936,0.07393553959,0.6191879709,0.1837615002,0.03076695778,0.8434142453,0.1538461538,65
SDRDEVICE.BLADERF2_0.65752,BLADERF2,0.65752,r0,nosym,r/nosym,0.5884530351,0.2686622843,0.3730422956,0.3412089393,0.110098583,0.7414069415,0.1692307692,65
SDRDEVICE.BLADERF2_0.65752,BLADERF2,0.65752,r0,sym,r/nosym,0.2733335683,0.06520976473,0.7183127858,0.2278843314,0.0489652081,0.8000272059,0.1230769231,65
SDRDEVICE.BLADERF2_0.65752,BLADERF2,0.65752,r1,nosym,r/nosym,0.6504838181,0.3135192271,0.2579877934,0.3257770985,0.09292796687,0.7775916326,0.1384615385,65
SDRDEVICE.BLADERF2_0.65752,BLADERF2,0.65752,r1,sym,r/nosym,0.3850934283,0.1198716979,0.4633156039,0.2376548309,0.04972609379,0.7727362024,0.1538461538,65
SDRDEVICE.PLUTO_0.67317,PLUTO,0.67317,r,nosym,r/nosym,0.2222495738,0.04923384718,0.8587617789,0.2032985102,0.04049230187,0.8914982926,0.2461538462,65
SDRDEVICE.PLUTO_0.67317,PLUTO,0.67317,r,sym,r/nosym,0.161810362,0.02906092558,0.923475939,0.1526500044,0.02394413621,0.94125164,0.6,65
SDRDEVICE.PLUTO_0.67317,PLUTO,0.67317,r0,nosym,r/nosym,0.2746938442,0.07305435621,0.8016624015,0.2507041956,0.06113653036,0.8412114953,0.2461538462,65
SDRDEVICE.PLUTO_0.67317,PLUTO,0.67317,r0,sym,r/nosym,0.1851707637,0.03711337538,0.8958620643,0.1673935422,0.02884714235,0.9246385565,0.5384615385,65
SDRDEVICE.PLUTO_0.67317,PLUTO,0.67317,r1,nosym,r/nosym,0.254478998,0.06191862492,0.8305545339,0.2452823788,0.05610228251,0.8529649398,0.2615384615,65
SDRDEVICE.PLUTO_0.67317,PLUTO,0.67317,r1,sym,r/nosym,0.1738984492,0.03232975986,0.9204178234,0.1717486761,0.0299187515,0.9288310647,0.5384615385,65
SDRDEVICE.PLUTO_0.68181,PLUTO,0.68181,r,nosym,r/nosym,0.3353890279,0.1087645294,0.7776478934,0.270939642,0.07745335829,0.8551695745,0.1692307692,65
SDRDEVICE.PLUTO_0.68181,PLUTO,0.68181,r,sym,r/nosym,0.1938126294,0.04223275919,0.9268920988,0.1632654754,0.03507260386,0.9501187186,0.5076923077,65
SDRDEVICE.PLUTO_0.68181,PLUTO,0.68181,r0,nosym,r/nosym,0.4344115196,0.1710081198,0.6461982808,0.3633578287,0.1300649879,0.7530838291,0.1384615385,65
SDRDEVICE.PLUTO_0.68181,PLUTO,0.68181,r0,sym,r/nosym,0.2223624252,0.05244128538,0.8993384209,0.2083026096,0.05197926438,0.9086188109,0.4153846154,65
SDRDEVICE.PLUTO_0.68181,PLUTO,0.68181,r1,nosym,r/nosym,0.4023718293,0.1520693741,0.7085783586,0.3770676845,0.1342673147,0.7241677723,0.2153846154,65
SDRDEVICE.PLUTO_0.68181,PLUTO,0.68181,r1,sym,r/nosym,0.233997185,0.06094752142,0.8830783958,0.2067091872,0.05032360277,0.9107898713,0.3384615385,65
SDRDEVICE.PLUTO_0.68484,PLUTO,0.68484,r,nosym,r/nosym,0.2431206604,0.05815137927,0.8401869351,0.2066868718,0.04553316953,0.8926163871,0.1692307692,65
SDRDEVICE.PLUTO_0.68484,PLUTO,0.68484,r,sym,r/nosym,0.1459987158,0.02296883246,0.9398784118,0.126742259,0.02023997846,0.9553642205,0.3230769231,65
SDRDEVICE.PLUTO_0.68484,PLUTO,0.68484,r0,nosym,r/nosym,0.4612011019,0.1972530411,0.4274853497,0.4248885214,0.1740997614,0.4850834687,0.04615384615,65
SDRDEVICE.PLUTO_0.68484,PLUTO,0.68484,r0,sym,r/nosym,0.3725568059,0.1183898711,0.5355964963,0.3426354368,0.1053411868,0.5904267736,0.1230769231,65
SDRDEVICE.PLUTO_0.68484,PLUTO,0.68484,r1,nosym,r/nosym,0.3066540906,0.09899587868,0.7982472226,0.3001939312,0.0991899022,0.8073765974,0.2461538462,65
SDRDEVICE.PLUTO_0.68484,PLUTO,0.68484,r1,sym,r/nosym,0.2290513714,0.06587708679,0.8757107393,0.2417009386,0.07041212029,0.8605902555,0.3538461538,65
SDRDEVICE.PLUTO_0.82703,PLUTO,0.82703,r,nosym,r/nosym,0.2896855179,0.07928340075,0.6748961137,0.2574270828,0.06041543556,0.7958208268,0.04615384615,65
SDRDEVICE.PLUTO_0.82703,PLUTO,0.82703,r,sym,r/nosym,0.2365746565,0.05538958152,0.7574280865,0.2078953248,0.03999978369,0.861362436,0.2307692308,65
SDRDEVICE.PLUTO_0.82703,PLUTO,0.82703,r0,nosym,r/nosym,0.3751870427,0.127199813,0.5595043091,0.3300259185,0.09997570878,0.7014521448,0.09230769231,65
SDRDEVICE.PLUTO_0.82703,PLUTO,0.82703,r0,sym,r/nosym,0.2394343337,0.05956409994,0.7527375153,0.212227436,0.04309885094,0.8542180148,0.2307692308,65
SDRDEVICE.PLUTO_0.82703,PLUTO,0.82703,r1,nosym,r/nosym,0.3296883428,0.09775234947,0.6256251276,0.3074451611,0.08406300956,0.7191501336,0.06153846154,65
SDRDEVICE.PLUTO_0.82703,PLUTO,0.82703,r1,sym,r/nosym,0.2806539844,0.06953730191,0.7048379902,0.2517665426,0.05486350516,0.8050036566,0.06153846154,65
SDRDEVICE.PLUTO_0.83248,PLUTO,0.83248,r,nosym,r/nosym,0.3319468579,0.1000396149,0.73387779,0.2534134711,0.0589284408,0.8379723933,0.2153846154,65
SDRDEVICE.PLUTO_0.83248,PLUTO,0.83248,r,sym,r/nosym,0.2096144315,0.04426156848,0.8950421222,0.1539462915,0.02170908228,0.9331242467,0.3538461538,65
SDRDEVICE.PLUTO_0.83248,PLUTO,0.83248,r0,nosym,r/nosym,0.5607254673,0.2576969092,0.3903692408,0.4193207922,0.148118907,0.6549256511,0.04615384615,65
SDRDEVICE.PLUTO_0.83248,PLUTO,0.83248,r0,sym,r/nosym,0.364631896,0.1088874474,0.6333853847,0.2964416403,0.07050727059,0.6984959253,0.03076923077,65
SDRDEVICE.PLUTO_0.83248,PLUTO,0.83248,r1,nosym,r/nosym,0.3860452315,0.1309186662,0.7083091634,0.4433607352,0.1676432253,0.6402416412,0.1692307692,65
SDRDEVICE.PLUTO_0.83248,PLUTO,0.83248,r1,sym,r/nosym,0.25913764,0.06452096341,0.8528480696,0.2733958825,0.06689220984,0.8715338307,0.3230769231,65
SDRDEVICE.PLUTO_0.83765,PLUTO,0.83765,r,nosym,r/nosym,0.4093589193,0.1575029554,0.5867543892,0.3393587069,0.1120838537,0.7254389138,0.1076923077,65
SDRDEVICE.PLUTO_0.83765,PLUTO,0.83765,r,sym,r/nosym,0.229793362,0.06346343548,0.8186048199,0.1969883496,0.04640961015,0.8858874133,0.1076923077,65
SDRDEVICE.PLUTO_0.83765,PLUTO,0.83765,r0,nosym,r/nosym,0.5563455518,0.2612934651,0.3905834695,0.4551858049,0.1922714163,0.5837518692,0.1076923077,65
SDRDEVICE.PLUTO_0.83765,PLUTO,0.83765,r0,sym,r/nosym,0.330789208,0.1028741337,0.6652834608,0.3035058184,0.08684864334,0.7046134003,0.07692307692,65
SDRDEVICE.PLUTO_0.83765,PLUTO,0.83765,r1,nosym,r/nosym,0.4704981199,0.2008524851,0.5537674759,0.4471566619,0.183326409,0.5887047733,0.04615384615,65
SDRDEVICE.PLUTO_0.83765,PLUTO,0.83765,r1,sym,r/nosym,0.3021440199,0.1015061736,0.7523937765,0.2733304344,0.08269258748,0.832081847,0.2153846154,65
SDRDEVICE.PLUTO_0.84138,PLUTO,0.84138,r,nosym,r/nosym,0.2909716522,0.08132245959,0.7149372578,0.2526366267,0.06295096948,0.8149723529,0.1846153846,65
SDRDEVICE.PLUTO_0.84138,PLUTO,0.84138,r,sym,r/nosym,0.1982285623,0.04161139477,0.8430719646,0.1817983265,0.03161606146,0.8901641066,0.3076923077,65
SDRDEVICE.PLUTO_0.84138,PLUTO,0.84138,r0,nosym,r/nosym,0.3685286581,0.1217032579,0.6029317224,0.3292147564,0.100701998,0.6763552902,0.1692307692,65
SDRDEVICE.PLUTO_0.84138,PLUTO,0.84138,r0,sym,r/nosym,0.2148653455,0.04355357394,0.8236100688,0.2002701017,0.03868739106,0.8308325488,0.2307692308,65
SDRDEVICE.PLUTO_0.84138,PLUTO,0.84138,r1,nosym,r/nosym,0.3554588421,0.1165760739,0.63784879,0.3277840664,0.1033986888,0.7342976747,0.1384615385,65
SDRDEVICE.PLUTO_0.84138,PLUTO,0.84138,r1,sym,r/nosym,0.2754466279,0.08031886649,0.7315129847,0.2575901412,0.06480615308,0.8056595578,0.1846153846,65
SDRDEVICE.PLUTO_0.90397,PLUTO,0.90397,r,nosym,r/nosym,0.446282449,0.1872319291,0.4829148138,0.4428604275,0.1849718991,0.4927660751,0.04615384615,65
SDRDEVICE.PLUTO_0.90397,PLUTO,0.90397,r,sym,r/nosym,0.2599044402,0.0676259562,0.7138177456,0.259768473,0.06640009614,0.7251074452,0.2769230769,65
SDRDEVICE.PLUTO_0.90397,PLUTO,0.90397,r0,nosym,r/nosym,0.4710444715,0.2056754993,0.4725705408,0.4652364188,0.2014017183,0.4877152876,0.04615384615,65
SDRDEVICE.PLUTO_0.90397,PLUTO,0.90397,r0,sym,r/nosym,0.2698108526,0.07639539595,0.706178856,0.2678808024,0.07414909687,0.7201495354,0.2615384615,65
SDRDEVICE.PLUTO_0.90397,PLUTO,0.90397,r1,nosym,r/nosym,0.8209325969,0.4797542614,0.1418669214,0.8257969842,0.4849969983,0.1261219958,0.03174603175,63
SDRDEVICE.PLUTO_0.90397,PLUTO,0.90397,r1,sym,r/nosym,0.5916240824,0.294852594,0.2869947806,0.5964822296,0.2985256111,0.2749897701,0.06153846154,65
SDRDEVICE.PLUTO_0.91557,PLUTO,0.91557,r,nosym,r/nosym,0.3976761753,0.1428930414,0.5955084953,0.3929696174,0.139591326,0.6060832087,0.07692307692,65
SDRDEVICE.PLUTO_0.91557,PLUTO,0.91557,r,sym,r/nosym,0.2847129562,0.06836163421,0.7420458603,0.284673009,0.06823938495,0.741807045,0.2,65
SDRDEVICE.PLUTO_0.91557,PLUTO,0.91557,r0,nosym,r/nosym,0.5075349467,0.2229134481,0.4672835172,0.5128565528,0.2276449052,0.4442950762,0.07692307692,65
SDRDEVICE.PLUTO_0.91557,PLUTO,0.91557,r0,sym,r/nosym,0.3850037223,0.1225434084,0.6130900628,0.3850437208,0.1227146597,0.6112926626,0.1384615385,65
SDRDEVICE.PLUTO_0.91557,PLUTO,0.91557,r1,nosym,r/nosym,0.4772902772,0.2041690036,0.5076988928,0.4583163598,0.1918029663,0.5488782746,0.04615384615,65
SDRDEVICE.PLUTO_0.91557,PLUTO,0.91557,r1,sym,r/nosym,0.2868822797,0.07931873281,0.7385912974,0.285874188,0.07884681629,0.7397352645,0.2307692308,65
SDRDEVICE.PLUTO_0.91964,PLUTO,0.91964,r,nosym,r/nosym,0.5198067286,0.222039412,0.3957130553,0.4934099858,0.2042434932,0.4578706634,0.06153846154,65
SDRDEVICE.PLUTO_0.91964,PLUTO,0.91964,r,sym,r/nosym,0.3973295455,0.1316437653,0.5582372268,0.3755898291,0.1228099424,0.6034023458,0.1846153846,65
SDRDEVICE.PLUTO_0.91964,PLUTO,0.91964,r0,nosym,r/nosym,0.6908364682,0.3719306492,0.2467144073,0.6879708465,0.3701448223,0.2513074141,0.03076923077,65
SDRDEVICE.PLUTO_0.91964,PLUTO,0.91964,r0,sym,r/nosym,0.5355961982,0.2472291653,0.4096165871,0.5198314251,0.2384832233,0.4259791838,0.1076923077,65
SDRDEVICE.PLUTO_0.91964,PLUTO,0.91964,r1,nosym,r/nosym,0.5644398221,0.2616729147,0.364247212,0.519275322,0.2303406279,0.4599655466,0.04615384615,65
SDRDEVICE.PLUTO_0.91964,PLUTO,0.91964,r1,sym,r/nosym,0.4316508737,0.1566416823,0.5196660091,0.3847500789,0.1343208612,0.6157859626,0.1230769231,65
SDRDEVICE.PLUTO_0.99302,PLUTO,0.99302,r,nosym,r/nosym,0.4702709558,0.1827774424,0.3642483249,0.4066106997,0.1424585819,0.5084275052,0.04615384615,65
SDRDEVICE.PLUTO_0.99302,PLUTO,0.99302,r,sym,r/nosym,0.320768694,0.08113775005,0.5246397958,0.272566569,0.06012258989,0.6803789948,0.01538461538,65
SDRDEVICE.PLUTO_0.99302,PLUTO,0.99302,r0,nosym,r/nosym,0.5496671461,0.251563945,0.3247065053,0.5097486144,0.2210884877,0.3854109554,0.03076923077,65
SDRDEVICE.PLUTO_0.99302,PLUTO,0.99302,r0,sym,r/nosym,0.3373666018,0.09419895354,0.5316422539,0.317988737,0.08013430659,0.6199191805,0.07692307692,65
SDRDEVICE.PLUTO_0.99302,PLUTO,0.99302,r1,nosym,r/nosym,0.5479745311,0.2522395937,0.2764556797,0.512964326,0.2169338823,0.4193714122,0.04615384615,65
SDRDEVICE.PLUTO_0.99302,PLUTO,0.99302,r1,sym,r/nosym,0.3520185255,0.1106202788,0.4533148214,0.2952739719,0.08623972811,0.6244148268,0,65
SDRDEVICE.PLUTO_1.25103,PLUTO,1.25103,r,nosym,r/nosym,0.2728305598,0.07534036331,0.7971284004,0.2168358316,0.04527411441,0.861379943,0.1076923077,65
SDRDEVICE.PLUTO_1.25103,PLUTO,1.25103,r,sym,r/nosym,0.1638739851,0.02953887518,0.9054083447,0.1448854441,0.02204112316,0.9325910478,0.6,65
SDRDEVICE.PLUTO_1.25103,PLUTO,1.25103,r0,nosym,r/nosym,0.4324718804,0.1717379255,0.5555871468,0.3395047167,0.1041142114,0.7145357231,0.06153846154,65
SDRDEVICE.PLUTO_1.25103,PLUTO,1.25103,r0,sym,r/nosym,0.2496989509,0.05967271301,0.7849920094,0.2210828502,0.04418262051,0.8314796937,0.4769230769,65
SDRDEVICE.PLUTO_1.25103,PLUTO,1.25103,r1,nosym,r/nosym,0.3441098897,0.1062465633,0.7659913383,0.3552578462,0.1138645056,0.7306877935,0.09230769231,65
SDRDEVICE.PLUTO_1.25103,PLUTO,1.25103,r1,sym,r/nosym,0.199909834,0.04223619007,0.9011068744,0.2034459752,0.04558158694,0.9112723591,0.3384615385,65
SDRDEVICE.PLUTO_1.26578,PLUTO,1.26578,r,nosym,r/nosym,0.3564081474,0.1150528873,0.6691605685,0.2526658328,0.05746702431,0.8218328996,0.1846153846,65
SDRDEVICE.PLUTO_1.26578,PLUTO,1.26578,r,sym,r/nosym,0.2036163824,0.04107629098,0.8379349431,0.1515103874,0.02656855871,0.9110720585,0.1230769231,65
SDRDEVICE.PLUTO_1.26578,PLUTO,1.26578,r0,nosym,r/nosym,0.5796780451,0.2679310815,0.354671323,0.4146701312,0.1529449078,0.6412626012,0.09230769231,65
SDRDEVICE.PLUTO_1.26578,PLUTO,1.26578,r0,sym,r/nosym,0.3365709451,0.08959137133,0.5974068496,0.2788865197,0.06583890769,0.685793754,0.06153846154,65
SDRDEVICE.PLUTO_1.26578,PLUTO,1.26578,r1,nosym,r/nosym,0.3982086727,0.1422197662,0.6969671361,0.4155015184,0.1526544277,0.6503585211,0.1230769231,65
SDRDEVICE.PLUTO_1.26578,PLUTO,1.26578,r1,sym,r/nosym,0.2443955486,0.06447029241,0.8437346494,0.2398739479,0.06422077129,0.8889550532,0.2,65
SDRDEVICE.PLUTO_1.26599,PLUTO,1.26599,r,nosym,r/nosym,0.3570205027,0.1179127766,0.6529051037,0.2752988961,0.06709396478,0.7543329484,0.1230769231,65
SDRDEVICE.PLUTO_1.26599,PLUTO,1.26599,r,sym,r/nosym,0.1933577176,0.03489397873,0.8624530957,0.1550536635,0.02541060332,0.902682334,0.2153846154,65
SDRDEVICE.PLUTO_1.26599,PLUTO,1.26599,r0,nosym,r/nosym,0.6658290475,0.3273955691,0.1887485217,0.492866732,0.196251278,0.5125865362,0.01538461538,65
SDRDEVICE.PLUTO_1.26599,PLUTO,1.26599,r0,sym,r/nosym,0.4268993701,0.1311974435,0.3657582441,0.3580491433,0.09849641626,0.4768726595,0,65
SDRDEVICE.PLUTO_1.26599,PLUTO,1.26599,r1,nosym,r/nosym,0.4169509708,0.146588327,0.7261714337,0.4887737599,0.196279664,0.5427550492,0.03076923077,65
SDRDEVICE.PLUTO_1.26599,PLUTO,1.26599,r1,sym,r/nosym,0.2644710325,0.07017388123,0.8703798393,0.3109309895,0.09116141557,0.8468092619,0.3076923077,65
SDRDEVICE.PLUTO_1.34727,PLUTO,1.34727,r,nosym,r/nosym,0.2575933919,0.07064037689,0.7733028838,0.1836541246,0.03777027011,0.855816212,0.2615384615,65
SDRDEVICE.PLUTO_1.34727,PLUTO,1.34727,r,sym,r/nosym,0.1537348412,0.03146518078,0.8851302241,0.129794921,0.02424736143,0.902429447,0.5692307692,65
SDRDEVICE.PLUTO_1.34727,PLUTO,1.34727,r0,nosym,r/nosym,0.3606886368,0.1287386945,0.6419180792,0.2665480216,0.06916085917,0.7857772068,0.1384615385,65
SDRDEVICE.PLUTO_1.34727,PLUTO,1.34727,r0,sym,r/nosym,0.2094267533,0.0493529786,0.7995232114,0.176359118,0.03451090574,0.8319950053,0.5692307692,65
SDRDEVICE.PLUTO_1.34727,PLUTO,1.34727,r1,nosym,r/nosym,0.3143302966,0.09414512832,0.7550713017,0.3102785279,0.09258797336,0.757929321,0.2,65
SDRDEVICE.PLUTO_1.34727,PLUTO,1.34727,r1,sym,r/nosym,0.1737451183,0.03865173291,0.8925504626,0.1857500169,0.04302396784,0.8931380996,0.2769230769,65
SDRDEVICE.PLUTO_1.54880,PLUTO,1.5488,r,nosym,r/nosym,0.3268469137,0.1041952248,0.6830681805,0.233484024,0.05201878706,0.8237608516,0.07692307692,65
SDRDEVICE.PLUTO_1.54880,PLUTO,1.5488,r,sym,r/nosym,0.1827022304,0.03322270719,0.879594918,0.1476298115,0.01916139748,0.9059602635,0.2461538462,65
SDRDEVICE.PLUTO_1.54880,PLUTO,1.5488,r0,nosym,r/nosym,0.591030277,0.2688165023,0.2861568817,0.4163908668,0.1393433848,0.6465175463,0.01538461538,65
SDRDEVICE.PLUTO_1.54880,PLUTO,1.5488,r0,sym,r/nosym,0.3424439225,0.08985220926,0.5578814997,0.2802723495,0.05641730543,0.6683690539,0,65
SDRDEVICE.PLUTO_1.54880,PLUTO,1.5488,r1,nosym,r/nosym,0.4271485256,0.1558208353,0.693361215,0.4872387544,0.1993268499,0.5329615129,0.03076923077,65
SDRDEVICE.PLUTO_1.54880,PLUTO,1.5488,r1,sym,r/nosym,0.2322042895,0.06357410897,0.8738892191,0.2770750626,0.08104993987,0.8259975771,0.2461538462,65
