Designator,Val,Package,Mid X,Mid Y,Layer,Rotation
C1,100n CAP-VS,C_0402_1005Metric,58.977,-87.502,top,90.0
C10,100n INA vs,C_0402_1005Metric,74.432,-71.768,top,180.0
C13,100n U7 in,C_0402_1005Metric,126.074,-80.415,top,180.0
C14,100n U8 in,C_0402_1005Metric,121.711,-94.859,top,180.0
C15,100n at U4.A,C_0402_1005Metric,52.092,-87.318,top,0.0
C16,2u2 EN delay,C_0603_1608Metric,53.61,-92.982,top,0.0
C17,100n sw debounce,C_0402_1005Metric,57.0,-90.0,top,90.0
C2,100n VS-GND,C_0402_1005Metric,62.25,-97.969,top,0.0
C3,47n HGATE dv/dt (10ms),C_0402_1005Metric,56.64,-92.915,top,0.0
C4,100n vsense hold,C_0402_1005Metric,62.55,-106.8,top,180.0
C5,1u LDO in,C_0603_1608Metric,79.632,-82.907,top,0.0
C6,100n LDO in,C_0402_1005Metric,82.023,-80.989,top,270.0
C7,2u2 LDO out,C_0603_1608Metric,75.85,-77.025,top,180.0
C8,100n MCU vdd,C_0402_1005Metric,65.332,-88.418,top,180.0
C9,1u LDO out,C_0603_1608Metric,72.938,-82.15,top,0.0
CA1,47n SS (4ms),C_0402_1005Metric,81.972,-62.902,top,0.0
CA10,1n2 CC3,C_0402_1005Metric,80.469,-70.918,top,180.0
CA111,22u local,C_1206_3216Metric,131.9,-56.68,top,270.0
CA112,22u local,C_1206_3216Metric,120.937,-81.25,top,180.0
CA2,2u2 VCC,C_0603_1608Metric,82.574,-55.352,top,180.0
CA3,100n BST,C_0402_1005Metric,87.033,-60.949,top,270.0
CA4,18p CILIM,C_0402_1005Metric,85.53,-58.444,top,90.0
CA51,10u 50V X7R,C_1210_3225Metric,90.0,-54.5,top,90.0
CA52,10u 50V X7R,C_1210_3225Metric,90.0,-59.5,top,90.0
CA53,10u 50V X7R,C_1210_3225Metric,90.0,-64.5,top,90.0
CA61,47u 10V X7R,C_1210_3225Metric,116.0,-53.0,top,0.0
CA62,47u 10V X7R,C_1210_3225Metric,116.0,-58.0,top,0.0
CA63,47u 10V X7R,C_1210_3225Metric,116.0,-63.0,top,0.0
CA64,47u 10V X7R,C_1210_3225Metric,116.0,-68.0,top,0.0
CA7,220u poly 25mR,CP_Elec_6.3x5.9,122.0,-72.0,top,270.0
CA8,8n2 CC1,C_0402_1005Metric,86.031,-66.961,top,270.0
CA9,39p CC2,C_0402_1005Metric,82.023,-64.957,top,270.0
CB1,47n SS (4ms),C_0402_1005Metric,86.031,-95.518,top,270.0
CB10,1n2 CC3,C_0402_1005Metric,114.25,-92.0,top,90.0
CB111,22u pi-out,C_1206_3216Metric,127.211,-97.359,top,90.0
CB112,22u pi-out,C_1206_3216Metric,138.472,-95.779,top,180.0
CB2,2u2 VCC,C_0603_1608Metric,85.825,-88.775,top,90.0
CB3,100n BST,C_0402_1005Metric,85.53,-92.512,top,270.0
CB4,18p CILIM,C_0402_1005Metric,83.475,-88.453,top,0.0
CB51,10u 50V X7R,C_1210_3225Metric,90.0,-85.0,top,90.0
CB52,10u 50V X7R,C_1210_3225Metric,90.0,-90.0,top,90.0
CB53,10u 50V X7R,C_1210_3225Metric,90.0,-95.0,top,90.0
CB61,47u 10V X7R,C_1210_3225Metric,118.0,-86.0,top,0.0
CB62,47u 10V X7R,C_1210_3225Metric,118.0,-91.0,top,0.0
CB63,47u 10V X7R,C_1210_3225Metric,118.0,-96.0,top,0.0
CB64,47u 10V X7R,C_1210_3225Metric,118.0,-101.0,top,0.0
CB7,220u poly 25mR,CP_Elec_6.3x5.9,104.0,-102.3,top,270.0
CB8,8n2 CC1,C_0402_1005Metric,81.471,-98.473,top,180.0
CB9,39p CC2,C_0402_1005Metric,78.485,-94.0,top,180.0
CE1,100u hybrid 25V,CP_Elec_8x10,92.0,-74.0,top,180.0
D1,SMBJ16A,D_SMB,108.0,-73.405,top,0.0
D2,USBLC6-2SC6,SOT-23-6,131.499,-90.871,top,0.0
D3,USBLC6-2SC6,SOT-23-6,130.206,-103.245,top,270.0
D4,green status,LED_0805_2012Metric,70.723,-104.486,top,180.0
D5,B5819W schottky,D_SOD-123,81.909,-75.238,top,0.0
D6,SMBJ5.0A,D_SMB,103.352,-81.756,top,270.0
D7,SMBJ5.0A,D_SMB,130.907,-76.736,top,90.0
D8,USBLC6-2SC6,SOT-23-6,138.25,-74.161,top,270.0
F1,15A ATO,FuseHolder_Blade_ATO_Littelfuse_FLR_178.6165,64.0,-68.0,top,90.0
F2,2A polyfuse,Fuse_1812_4532Metric,90.0,-106.0,top,0.0
J1,XT60_BATT,AMASS_XT60PW-M_1x02_P7.20mm_Horizontal,57.25,-72.0,top,0.0
J10,from Pi USB2,PinHeader_1x04_P2.54mm_Vertical,86.0,-101.0,top,0.0
J11,UPDI prog (UPDI/3V3/GND),JST_GH_BM03B-GHS-TBT_1x03-1MP_P1.25mm_Vertical,80.0,-111.0,top,180.0
J13,USB_A port3 (3A),USB_A_CNCTech_1001-011-01101_Horizontal,146.0,-58.0,top,0.0
J14,from Pi USB3,PinHeader_1x04_P2.54mm_Vertical,138.0,-70.0,top,0.0
J2,PANEL_SW,JST_GH_BM02B-GHS-TBT_1x02-1MP_P1.25mm_Vertical,54.5,-103.0,top,180.0
J3,USB4105-GF-A (TH shell),USB_C_Receptacle_GCT_USB4105-xx-A_16P_TopMnt_Horizontal,125.0,-53.0,top,180.0
J4,USB_A radio1,USB_A_CNCTech_1001-011-01101_Horizontal,146.0,-85.0,top,0.0
J5,USB_A radio2,USB_A_CNCTech_1001-011-01101_Horizontal,146.0,-105.0,top,0.0
J6,AUX 5V 2A,"TerminalBlock_Phoenix_MKDS-1,5-2_1x02_P5.00mm_Horizontal",99.0,-113.0,top,0.0
J7,PI GPIO harness,JST_GH_SM08B-GHS-TB_1x08-1MP_P1.25mm_Horizontal,68.0,-111.5,top,180.0
J8,AUX_CTL out (JST-GH),JST_GH_BM02B-GHS-TBT_1x02-1MP_P1.25mm_Vertical,88.0,-111.0,top,180.0
J9,from Pi USB1,PinHeader_1x04_P2.54mm_Vertical,113.0,-104.0,top,270.0
L4,pi-filter 1u,L_Chilisin_BMRx00060630,112.0,-80.0,top,0.0
LA1,MWSA1005S-3R3 16A,L_Sunlord_MWSA1005S,106.0,-59.0,top,0.0
LB1,MWSA1005S-3R3 16A,L_Sunlord_MWSA1005S,106.0,-92.0,top,0.0
Q2,CSD18543Q3A diode,VSON-8_3.3x3.3mm_P0.65mm_NexFET,62.0,-82.0,top,270.0
Q3,CSD18543Q3A switch,VSON-8_3.3x3.3mm_P0.65mm_NexFET,62.0,-92.0,top,270.0
QA1,CSD18543Q3A HS,VSON-8_3.3x3.3mm_P0.65mm_NexFET,96.0,-55.0,top,90.0
QA2,CSD18543Q3A LS,VSON-8_3.3x3.3mm_P0.65mm_NexFET,96.0,-63.0,top,270.0
QB1,CSD18543Q3A HS,VSON-8_3.3x3.3mm_P0.65mm_NexFET,96.0,-87.0,top,90.0
QB2,CSD18543Q3A LS,VSON-8_3.3x3.3mm_P0.65mm_NexFET,96.0,-95.0,top,270.0
R1,887k ladder-top,R_0402_1005Metric,58.486,-92.993,top,270.0
R10,680k vsense-hi,R_0402_1005Metric,65.459,-81.93,top,0.0
R11,100k vsense-lo,R_0402_1005Metric,66.502,-86.48,top,90.0
R16,20k RILIM1 (~3A),R_0402_1005Metric,129.086,-85.938,top,180.0
R17,20k RILIM2 (~3A),R_0402_1005Metric,124.117,-102.512,top,270.0
R18,4k7 I2C pu (3V3_SW),R_0402_1005Metric,63.435,-102.427,top,90.0
R19,4k7 I2C pu (3V3_SW),R_0402_1005Metric,68.506,-85.478,top,270.0
R2,28k7 ladder-mid,R_0402_1005Metric,61.451,-94.956,top,180.0
R20,2m 3W shunt,R_2512_6332Metric,74.0,-62.0,top,0.0
R21,20k PGOOD_A pu (5V_A),R_0402_1005Metric,76.522,-73.454,top,90.0
R22,10k PGOOD_B pu (3V3_SW),R_0402_1005Metric,79.48,-101.74,top,180.0
R23,10k Rp (3A adv),R_0402_1005Metric,123.616,-61.931,top,90.0
R24,10k Rp (3A adv),R_0402_1005Metric,123.074,-59.886,top,180.0
R25,30k v5a-hi,R_0402_1005Metric,61.451,-104.976,top,180.0
R26,10k v5a-lo,R_0402_1005Metric,59.948,-106.479,top,180.0
R27,10k NTC-top (3V3_SW),R_0402_1005Metric,64.498,-105.017,top,90.0
R28,10k NTC 3380K,R_0402_1005Metric,59.488,-102.011,top,90.0
R29,1k LED,R_0402_1005Metric,67.463,-104.976,top,0.0
R3,82k5 ladder-bot,R_0402_1005Metric,58.486,-95.999,top,270.0
R30,10k FAULT pu,R_0402_1005Metric,125.078,-90.447,top,0.0
R31,100k EN1 pu (5V_B),R_0402_1005Metric,77.524,-85.979,top,270.0
R32,100k EN2 pu (5V_B),R_0402_1005Metric,98.525,-100.968,top,180.0
R33,20k seq div hi,R_0402_1005Metric,76.056,-103.891,top,0.0
R34,16k5 seq div lo,R_0402_1005Metric,77.315,-101.76,top,270.0
R35,100k EN3 pu,R_0402_1005Metric,132.634,-60.428,top,270.0
R36,20k RILIM3 (~3A),R_0402_1005Metric,127.123,-61.931,top,90.0
R4,100k EN-A hi (8.5V on),R_0402_1005Metric,74.518,-85.979,top,90.0
R5,16k5 EN-A lo (7.5V off),R_0402_1005Metric,72.473,-85.938,top,0.0
RA1,16k5 RT (606kHz),R_0402_1005Metric,78.526,-58.424,top,90.0
RA2,348R RILIM (wc-min 6.3A),R_0402_1005Metric,85.039,-61.931,top,270.0
RA3,20k RFB1,R_0402_1005Metric,79.988,-64.896,top,0.0
RA4,3k65 RFB2 (5.18V),R_0402_1005Metric,82.493,-67.401,top,180.0
RA5,13k RC1,R_0402_1005Metric,84.538,-66.44,top,270.0
RA6,4k64 RC2,R_0402_1005Metric,80.029,-68.945,top,90.0
RB1,16k5 RT (606kHz),R_0402_1005Metric,81.992,-99.966,top,0.0
RB2,348R RILIM (wc-min 6.3A),R_0402_1005Metric,87.043,-91.991,top,270.0
RB3,20k RFB1,R_0402_1005Metric,78.526,-99.005,top,90.0
RB4,3k74 RFB2 (5.08V),R_0402_1005Metric,79.615,-96.114,top,180.0
RB5,13k RC1,R_0402_1005Metric,82.493,-95.958,top,180.0
RB6,4k64 RC2,R_0402_1005Metric,78.025,-91.49,top,270.0
U1,LM5145 rail A,VQFN-20_3.5x4.5_P0.5_LM5145RGY,82.0,-59.0,top,270.0
U10,TPS2557 ~3A (always on),VSON-8-1EP_3x3mm_P0.65mm_EP1.65x2.4mm,130.286,-63.576,top,90.0
U2,LM5145 rail B,VQFN-20_3.5x4.5_P0.5_LM5145RGY,82.0,-92.0,top,270.0
U3,ATtiny1616-SN (816-compat),SOIC-20W_7.5x12.8mm_P1.27mm,70.5,-96.065,top,270.0
U4,LM74800-Q1,WSON-12_3x3_P0.5_LM74800DRR,54.0,-90.0,top,270.0
U5,INA226 (addr 0x40),VSSOP-10_3x3mm_P0.5mm,74.0,-69.0,top,270.0
U6,TPS7A1633 3V3 60V LDO,MSOP-8-1EP_3x3mm_P0.65mm_EP1.68x1.88mm,78.0,-80.0,top,270.0
U7,TPS2557 ~3A,VSON-8-1EP_3x3mm_P0.65mm_EP1.65x2.4mm,128.171,-83.155,top,270.0
U8,TPS2557 ~3A,VSON-8-1EP_3x3mm_P0.65mm_EP1.65x2.4mm,123.161,-97.684,top,270.0
U9,AP2112K-3.3 (switched),SOT-23-5,70.738,-78.847,top,180.0
