LCSC,MPN
C25741,0402WGF1003TCE
C131394,CC0402KRX7R9BB104
C454289,EEHZA1V101P
C60490,RC0402FR-0710KL
C77102,GRM32ER71H106KA12L
C25754,0402WGF1302TCE
C207061,178.6165.0002
C226807,AC0402FR-0716K5L
C1549,0402CG180J500NT
C11702,0402WGF1001TCE
C107021,CC0402KRX7R9BB122
C15849,CL10A105KB8NNNC
C25765,0402WGF2002TCE
C128504,6SVPC220MV
C12891,CL31A226KAHNNNE
C304997,RTT022872DTH
C20812,SMD1812P200TF16
C108929,LR2512-22R002F4
C23630,CL10A225KO8NNNC
C138008,RC0402FR-0730KL
C852731,RT0402BRD07348RL
C106223,CC0402JRNPO9BN390
C416527,ERJ2RKF3651X
C15172,0402WGF3741TCE
C82219,0402B473K500NT
C84494,GRM32ER71A476KE15L
C60154,0402WGF4641TCE
C25900,0402WGF4701TCE
C163456,RC0402FR-07680KL
C453769,RC-02K8252FT
C409935,ERJ2RKF8873X
C45186,0402B822K500NT
C51118,AP2112K-3.3TRG1
C614136,ATTINY1616-SN
C474881,KF301-5.0-2P
C225118,A1257WV-S-2P-LCP
C8598,B5819W SL
C840100,CSD18543Q3A
C49851,INA226AIDGSR
C485912,LM5145RGYR
C3215600,LM74800QDRRRQ1
C17700181,MWSA1005S-3R3MT
C265111,SM08B-GHS-TB(LF)(SN)
C353386,SMBJ16A
C113974,SMBJ5.0A
C130056,TPS2557DRBR
C181239,TPS7A1633DGNR
C161691,BM03B-GHS-TBT(LF)(SN)
C3020560,USB4105-GF-A
C7519,USBLC6-2SC6
C98732,XT60PW-M
C705184,M3025V-1x4P
C2297,KT-0805G
C2838328,BMRA000606301R0MA1
C77131,NCP15XH103F03RC
